Entity,Code,Year,Fertility rate - Sex: all - Age: all - Variant: estimates,Fertility rate - Sex: all - Age: all - Variant: medium
Bangladesh,BGD,1950,6.374,
Bangladesh,BGD,1951,6.394,
Bangladesh,BGD,1952,6.406,
Bangladesh,BGD,1953,6.421,
Bangladesh,BGD,1954,6.472,
Bangladesh,BGD,1955,6.505,
Bangladesh,BGD,1956,6.537,
Bangladesh,BGD,1957,6.576,
Bangladesh,BGD,1958,6.608,
Bangladesh,BGD,1959,6.678,
Bangladesh,BGD,1960,6.742,
Bangladesh,BGD,1961,6.78,
Bangladesh,BGD,1962,6.806,
Bangladesh,BGD,1963,6.798,
Bangladesh,BGD,1964,6.785,
Bangladesh,BGD,1965,6.771,
Bangladesh,BGD,1966,6.766,
Bangladesh,BGD,1967,6.79,
Bangladesh,BGD,1968,6.791,
Bangladesh,BGD,1969,6.806,
Bangladesh,BGD,1970,6.839,
Bangladesh,BGD,1971,6.831,
Bangladesh,BGD,1972,6.816,
Bangladesh,BGD,1973,6.8,
Bangladesh,BGD,1974,6.778,
Bangladesh,BGD,1975,6.728,
Bangladesh,BGD,1976,6.66,
Bangladesh,BGD,1977,6.583,
Bangladesh,BGD,1978,6.509,
Bangladesh,BGD,1979,6.421,
Bangladesh,BGD,1980,6.326,
Bangladesh,BGD,1981,6.237,
Bangladesh,BGD,1982,6.118,
Bangladesh,BGD,1983,5.906,
Bangladesh,BGD,1984,5.732,
Bangladesh,BGD,1985,5.539,
Bangladesh,BGD,1986,5.302,
Bangladesh,BGD,1987,5.075,
Bangladesh,BGD,1988,4.849,
Bangladesh,BGD,1989,4.695,
Bangladesh,BGD,1990,4.506,
Bangladesh,BGD,1991,4.261,
Bangladesh,BGD,1992,4.027,
Bangladesh,BGD,1993,3.832,
Bangladesh,BGD,1994,3.737,
Bangladesh,BGD,1995,3.588,
Bangladesh,BGD,1996,3.505,
Bangladesh,BGD,1997,3.502,
Bangladesh,BGD,1998,3.427,
Bangladesh,BGD,1999,3.357,
Bangladesh,BGD,2000,3.279,
Bangladesh,BGD,2001,3.203,
Bangladesh,BGD,2002,3.126,
Bangladesh,BGD,2003,3.029,
Bangladesh,BGD,2004,2.94,
Bangladesh,BGD,2005,2.846,
Bangladesh,BGD,2006,2.755,
Bangladesh,BGD,2007,2.666,
Bangladesh,BGD,2008,2.577,
Bangladesh,BGD,2009,2.484,
Bangladesh,BGD,2010,2.38,
Bangladesh,BGD,2011,2.309,
Bangladesh,BGD,2012,2.263,
Bangladesh,BGD,2013,2.247,
Bangladesh,BGD,2014,2.228,
Bangladesh,BGD,2015,2.227,
Bangladesh,BGD,2016,2.227,
Bangladesh,BGD,2017,2.205,
Bangladesh,BGD,2018,2.193,
Bangladesh,BGD,2019,2.18,
Bangladesh,BGD,2020,2.175,
Bangladesh,BGD,2021,2.173,
Bangladesh,BGD,2022,2.179,
Bangladesh,BGD,2023,2.163,
Bangladesh,BGD,2024,,2.138
Bangladesh,BGD,2025,,2.114
Bangladesh,BGD,2026,,2.09
Bangladesh,BGD,2027,,2.068
Bangladesh,BGD,2028,,2.048
Bangladesh,BGD,2029,,2.031
Bangladesh,BGD,2030,,2.013
Bangladesh,BGD,2031,,1.996
Bangladesh,BGD,2032,,1.981
Bangladesh,BGD,2033,,1.965
Bangladesh,BGD,2034,,1.949
Bangladesh,BGD,2035,,1.935
Bangladesh,BGD,2036,,1.92
Bangladesh,BGD,2037,,1.906
Bangladesh,BGD,2038,,1.896
Bangladesh,BGD,2039,,1.884
Bangladesh,BGD,2040,,1.875
Bangladesh,BGD,2041,,1.865
Bangladesh,BGD,2042,,1.856
Bangladesh,BGD,2043,,1.849
Bangladesh,BGD,2044,,1.84
Bangladesh,BGD,2045,,1.834
Bangladesh,BGD,2046,,1.83
Bangladesh,BGD,2047,,1.823
Bangladesh,BGD,2048,,1.818
Bangladesh,BGD,2049,,1.812
Bangladesh,BGD,2050,,1.806
Bangladesh,BGD,2051,,1.803
Bangladesh,BGD,2052,,1.797
Bangladesh,BGD,2053,,1.796
Bangladesh,BGD,2054,,1.795
Bangladesh,BGD,2055,,1.791
Bangladesh,BGD,2056,,1.79
Bangladesh,BGD,2057,,1.787
Bangladesh,BGD,2058,,1.783
Bangladesh,BGD,2059,,1.782
Bangladesh,BGD,2060,,1.777
Bangladesh,BGD,2061,,1.773
Bangladesh,BGD,2062,,1.771
Bangladesh,BGD,2063,,1.769
Bangladesh,BGD,2064,,1.766
Bangladesh,BGD,2065,,1.764
Bangladesh,BGD,2066,,1.763
Bangladesh,BGD,2067,,1.76
Bangladesh,BGD,2068,,1.758
Bangladesh,BGD,2069,,1.756
Bangladesh,BGD,2070,,1.755
Bangladesh,BGD,2071,,1.754
Bangladesh,BGD,2072,,1.752
Bangladesh,BGD,2073,,1.751
Bangladesh,BGD,2074,,1.749
Bangladesh,BGD,2075,,1.747
Bangladesh,BGD,2076,,1.745
Bangladesh,BGD,2077,,1.741
Bangladesh,BGD,2078,,1.74
Bangladesh,BGD,2079,,1.737
Bangladesh,BGD,2080,,1.735
Bangladesh,BGD,2081,,1.734
Bangladesh,BGD,2082,,1.733
Bangladesh,BGD,2083,,1.735
Bangladesh,BGD,2084,,1.736
Bangladesh,BGD,2085,,1.735
Bangladesh,BGD,2086,,1.734
Bangladesh,BGD,2087,,1.735
Bangladesh,BGD,2088,,1.735
Bangladesh,BGD,2089,,1.731
Bangladesh,BGD,2090,,1.731
Bangladesh,BGD,2091,,1.732
Bangladesh,BGD,2092,,1.73
Bangladesh,BGD,2093,,1.73
Bangladesh,BGD,2094,,1.728
Bangladesh,BGD,2095,,1.729
Bangladesh,BGD,2096,,1.726
Bangladesh,BGD,2097,,1.725
Bangladesh,BGD,2098,,1.727
Bangladesh,BGD,2099,,1.724
Bangladesh,BGD,2100,,1.723
Chile,CHL,1950,4.836,
Chile,CHL,1951,4.803,
Chile,CHL,1952,4.78,
Chile,CHL,1953,4.786,
Chile,CHL,1954,4.77,
Chile,CHL,1955,4.777,
Chile,CHL,1956,4.795,
Chile,CHL,1957,4.774,
Chile,CHL,1958,4.753,
Chile,CHL,1959,4.728,
Chile,CHL,1960,4.697,
Chile,CHL,1961,4.655,
Chile,CHL,1962,4.602,
Chile,CHL,1963,4.536,
Chile,CHL,1964,4.457,
Chile,CHL,1965,4.364,
Chile,CHL,1966,4.259,
Chile,CHL,1967,4.144,
Chile,CHL,1968,4.025,
Chile,CHL,1969,3.902,
Chile,CHL,1970,3.778,
Chile,CHL,1971,3.654,
Chile,CHL,1972,3.53,
Chile,CHL,1973,3.409,
Chile,CHL,1974,3.293,
Chile,CHL,1975,3.182,
Chile,CHL,1976,3.078,
Chile,CHL,1977,2.981,
Chile,CHL,1978,2.892,
Chile,CHL,1979,2.812,
Chile,CHL,1980,2.744,
Chile,CHL,1981,2.689,
Chile,CHL,1982,2.648,
Chile,CHL,1983,2.619,
Chile,CHL,1984,2.601,
Chile,CHL,1985,2.592,
Chile,CHL,1986,2.589,
Chile,CHL,1987,2.59,
Chile,CHL,1988,2.591,
Chile,CHL,1989,2.589,
Chile,CHL,1990,2.579,
Chile,CHL,1991,2.558,
Chile,CHL,1992,2.478,
Chile,CHL,1993,2.43,
Chile,CHL,1994,2.377,
Chile,CHL,1995,2.353,
Chile,CHL,1996,2.284,
Chile,CHL,1997,2.202,
Chile,CHL,1998,2.149,
Chile,CHL,1999,2.074,
Chile,CHL,2000,2.046,
Chile,CHL,2001,2.007,
Chile,CHL,2002,1.934,
Chile,CHL,2003,1.885,
Chile,CHL,2004,1.844,
Chile,CHL,2005,1.825,
Chile,CHL,2006,1.798,
Chile,CHL,2007,1.826,
Chile,CHL,2008,1.85,
Chile,CHL,2009,1.855,
Chile,CHL,2010,1.844,
Chile,CHL,2011,1.823,
Chile,CHL,2012,1.798,
Chile,CHL,2013,1.786,
Chile,CHL,2014,1.774,
Chile,CHL,2015,1.737,
Chile,CHL,2016,1.686,
Chile,CHL,2017,1.563,
Chile,CHL,2018,1.543,
Chile,CHL,2019,1.43,
Chile,CHL,2020,1.307,
Chile,CHL,2021,1.176,
Chile,CHL,2022,1.255,
Chile,CHL,2023,1.167,
Chile,CHL,2024,,1.14
Chile,CHL,2025,,1.127
Chile,CHL,2026,,1.121
Chile,CHL,2027,,1.12
Chile,CHL,2028,,1.121
Chile,CHL,2029,,1.125
Chile,CHL,2030,,1.128
Chile,CHL,2031,,1.134
Chile,CHL,2032,,1.141
Chile,CHL,2033,,1.145
Chile,CHL,2034,,1.152
Chile,CHL,2035,,1.159
Chile,CHL,2036,,1.166
Chile,CHL,2037,,1.171
Chile,CHL,2038,,1.177
Chile,CHL,2039,,1.185
Chile,CHL,2040,,1.191
Chile,CHL,2041,,1.195
Chile,CHL,2042,,1.201
Chile,CHL,2043,,1.206
Chile,CHL,2044,,1.213
Chile,CHL,2045,,1.216
Chile,CHL,2046,,1.22
Chile,CHL,2047,,1.224
Chile,CHL,2048,,1.228
Chile,CHL,2049,,1.235
Chile,CHL,2050,,1.24
Chile,CHL,2051,,1.246
Chile,CHL,2052,,1.25
Chile,CHL,2053,,1.256
Chile,CHL,2054,,1.26
Chile,CHL,2055,,1.263
Chile,CHL,2056,,1.27
Chile,CHL,2057,,1.275
Chile,CHL,2058,,1.281
Chile,CHL,2059,,1.287
Chile,CHL,2060,,1.293
Chile,CHL,2061,,1.295
Chile,CHL,2062,,1.299
Chile,CHL,2063,,1.304
Chile,CHL,2064,,1.308
Chile,CHL,2065,,1.312
Chile,CHL,2066,,1.317
Chile,CHL,2067,,1.321
Chile,CHL,2068,,1.326
Chile,CHL,2069,,1.328
Chile,CHL,2070,,1.33
Chile,CHL,2071,,1.331
Chile,CHL,2072,,1.336
Chile,CHL,2073,,1.338
Chile,CHL,2074,,1.342
Chile,CHL,2075,,1.343
Chile,CHL,2076,,1.347
Chile,CHL,2077,,1.352
Chile,CHL,2078,,1.353
Chile,CHL,2079,,1.356
Chile,CHL,2080,,1.359
Chile,CHL,2081,,1.361
Chile,CHL,2082,,1.363
Chile,CHL,2083,,1.366
Chile,CHL,2084,,1.368
Chile,CHL,2085,,1.369
Chile,CHL,2086,,1.372
Chile,CHL,2087,,1.375
Chile,CHL,2088,,1.377
Chile,CHL,2089,,1.381
Chile,CHL,2090,,1.384
Chile,CHL,2091,,1.385
Chile,CHL,2092,,1.388
Chile,CHL,2093,,1.391
Chile,CHL,2094,,1.394
Chile,CHL,2095,,1.397
Chile,CHL,2096,,1.4
Chile,CHL,2097,,1.401
Chile,CHL,2098,,1.403
Chile,CHL,2099,,1.406
Chile,CHL,2100,,1.409
Ethiopia,ETH,1950,6.433,
Ethiopia,ETH,1951,6.429,
Ethiopia,ETH,1952,6.435,
Ethiopia,ETH,1953,6.449,
Ethiopia,ETH,1954,6.459,
Ethiopia,ETH,1955,6.457,
Ethiopia,ETH,1956,6.458,
Ethiopia,ETH,1957,6.464,
Ethiopia,ETH,1958,6.473,
Ethiopia,ETH,1959,6.494,
Ethiopia,ETH,1960,6.514,
Ethiopia,ETH,1961,6.533,
Ethiopia,ETH,1962,6.561,
Ethiopia,ETH,1963,6.586,
Ethiopia,ETH,1964,6.612,
Ethiopia,ETH,1965,6.63,
Ethiopia,ETH,1966,6.661,
Ethiopia,ETH,1967,6.684,
Ethiopia,ETH,1968,6.7,
Ethiopia,ETH,1969,6.719,
Ethiopia,ETH,1970,6.782,
Ethiopia,ETH,1971,6.838,
Ethiopia,ETH,1972,6.895,
Ethiopia,ETH,1973,6.962,
Ethiopia,ETH,1974,7.018,
Ethiopia,ETH,1975,7.079,
Ethiopia,ETH,1976,7.129,
Ethiopia,ETH,1977,7.189,
Ethiopia,ETH,1978,7.229,
Ethiopia,ETH,1979,7.248,
Ethiopia,ETH,1980,7.287,
Ethiopia,ETH,1981,7.313,
Ethiopia,ETH,1982,7.337,
Ethiopia,ETH,1983,7.351,
Ethiopia,ETH,1984,7.356,
Ethiopia,ETH,1985,7.338,
Ethiopia,ETH,1986,7.318,
Ethiopia,ETH,1987,7.293,
Ethiopia,ETH,1988,7.262,
Ethiopia,ETH,1989,7.229,
Ethiopia,ETH,1990,7.196,
Ethiopia,ETH,1991,7.161,
Ethiopia,ETH,1992,7.125,
Ethiopia,ETH,1993,7.088,
Ethiopia,ETH,1994,7.051,
Ethiopia,ETH,1995,6.998,
Ethiopia,ETH,1996,6.928,
Ethiopia,ETH,1997,6.869,
Ethiopia,ETH,1998,6.792,
Ethiopia,ETH,1999,6.721,
Ethiopia,ETH,2000,6.654,
Ethiopia,ETH,2001,6.579,
Ethiopia,ETH,2002,6.499,
Ethiopia,ETH,2003,6.4,
Ethiopia,ETH,2004,6.301,
Ethiopia,ETH,2005,6.194,
Ethiopia,ETH,2006,6.047,
Ethiopia,ETH,2007,5.887,
Ethiopia,ETH,2008,5.695,
Ethiopia,ETH,2009,5.488,
Ethiopia,ETH,2010,5.282,
Ethiopia,ETH,2011,5.08,
Ethiopia,ETH,2012,4.887,
Ethiopia,ETH,2013,4.708,
Ethiopia,ETH,2014,4.605,
Ethiopia,ETH,2015,4.529,
Ethiopia,ETH,2016,4.473,
Ethiopia,ETH,2017,4.401,
Ethiopia,ETH,2018,4.371,
Ethiopia,ETH,2019,4.347,
Ethiopia,ETH,2020,4.274,
Ethiopia,ETH,2021,4.177,
Ethiopia,ETH,2022,4.082,
Ethiopia,ETH,2023,3.989,
Ethiopia,ETH,2024,,3.909
Ethiopia,ETH,2025,,3.806
Ethiopia,ETH,2026,,3.723
Ethiopia,ETH,2027,,3.644
Ethiopia,ETH,2028,,3.567
Ethiopia,ETH,2029,,3.498
Ethiopia,ETH,2030,,3.43
Ethiopia,ETH,2031,,3.364
Ethiopia,ETH,2032,,3.303
Ethiopia,ETH,2033,,3.244
Ethiopia,ETH,2034,,3.188
Ethiopia,ETH,2035,,3.135
Ethiopia,ETH,2036,,3.082
Ethiopia,ETH,2037,,3.034
Ethiopia,ETH,2038,,2.989
Ethiopia,ETH,2039,,2.943
Ethiopia,ETH,2040,,2.902
Ethiopia,ETH,2041,,2.864
Ethiopia,ETH,2042,,2.828
Ethiopia,ETH,2043,,2.791
Ethiopia,ETH,2044,,2.754
Ethiopia,ETH,2045,,2.718
Ethiopia,ETH,2046,,2.682
Ethiopia,ETH,2047,,2.647
Ethiopia,ETH,2048,,2.618
Ethiopia,ETH,2049,,2.587
Ethiopia,ETH,2050,,2.554
Ethiopia,ETH,2051,,2.53
Ethiopia,ETH,2052,,2.501
Ethiopia,ETH,2053,,2.473
Ethiopia,ETH,2054,,2.448
Ethiopia,ETH,2055,,2.421
Ethiopia,ETH,2056,,2.4
Ethiopia,ETH,2057,,2.378
Ethiopia,ETH,2058,,2.357
Ethiopia,ETH,2059,,2.337
Ethiopia,ETH,2060,,2.317
Ethiopia,ETH,2061,,2.298
Ethiopia,ETH,2062,,2.279
Ethiopia,ETH,2063,,2.261
Ethiopia,ETH,2064,,2.243
Ethiopia,ETH,2065,,2.227
Ethiopia,ETH,2066,,2.212
Ethiopia,ETH,2067,,2.196
Ethiopia,ETH,2068,,2.18
Ethiopia,ETH,2069,,2.164
Ethiopia,ETH,2070,,2.151
Ethiopia,ETH,2071,,2.138
Ethiopia,ETH,2072,,2.126
Ethiopia,ETH,2073,,2.113
Ethiopia,ETH,2074,,2.101
Ethiopia,ETH,2075,,2.087
Ethiopia,ETH,2076,,2.077
Ethiopia,ETH,2077,,2.065
Ethiopia,ETH,2078,,2.051
Ethiopia,ETH,2079,,2.038
Ethiopia,ETH,2080,,2.027
Ethiopia,ETH,2081,,2.019
Ethiopia,ETH,2082,,2.009
Ethiopia,ETH,2083,,1.999
Ethiopia,ETH,2084,,1.989
Ethiopia,ETH,2085,,1.978
Ethiopia,ETH,2086,,1.97
Ethiopia,ETH,2087,,1.962
Ethiopia,ETH,2088,,1.957
Ethiopia,ETH,2089,,1.949
Ethiopia,ETH,2090,,1.941
Ethiopia,ETH,2091,,1.935
Ethiopia,ETH,2092,,1.929
Ethiopia,ETH,2093,,1.923
Ethiopia,ETH,2094,,1.916
Ethiopia,ETH,2095,,1.91
Ethiopia,ETH,2096,,1.904
Ethiopia,ETH,2097,,1.897
Ethiopia,ETH,2098,,1.891
Ethiopia,ETH,2099,,1.886
Ethiopia,ETH,2100,,1.88
Iran,IRN,1950,6.97,
Iran,IRN,1951,6.977,
Iran,IRN,1952,7.005,
Iran,IRN,1953,7.026,
Iran,IRN,1954,7.048,
Iran,IRN,1955,7.151,
Iran,IRN,1956,7.249,
Iran,IRN,1957,7.354,
Iran,IRN,1958,7.458,
Iran,IRN,1959,7.571,
Iran,IRN,1960,7.519,
Iran,IRN,1961,7.459,
Iran,IRN,1962,7.401,
Iran,IRN,1963,7.317,
Iran,IRN,1964,7.237,
Iran,IRN,1965,7.222,
Iran,IRN,1966,7.214,
Iran,IRN,1967,7.19,
Iran,IRN,1968,7.119,
Iran,IRN,1969,7.007,
Iran,IRN,1970,6.798,
Iran,IRN,1971,6.549,
Iran,IRN,1972,6.257,
Iran,IRN,1973,6.061,
Iran,IRN,1974,5.968,
Iran,IRN,1975,5.947,
Iran,IRN,1976,6.066,
Iran,IRN,1977,6.179,
Iran,IRN,1978,6.344,
Iran,IRN,1979,6.549,
Iran,IRN,1980,6.63,
Iran,IRN,1981,6.618,
Iran,IRN,1982,6.586,
Iran,IRN,1983,6.528,
Iran,IRN,1984,6.433,
Iran,IRN,1985,6.242,
Iran,IRN,1986,6.011,
Iran,IRN,1987,5.719,
Iran,IRN,1988,5.434,
Iran,IRN,1989,5.172,
Iran,IRN,1990,4.934,
Iran,IRN,1991,4.568,
Iran,IRN,1992,4.099,
Iran,IRN,1993,3.674,
Iran,IRN,1994,3.244,
Iran,IRN,1995,2.852,
Iran,IRN,1996,2.542,
Iran,IRN,1997,2.323,
Iran,IRN,1998,2.19,
Iran,IRN,1999,2.089,
Iran,IRN,2000,1.999,
Iran,IRN,2001,1.918,
Iran,IRN,2002,1.836,
Iran,IRN,2003,1.801,
Iran,IRN,2004,1.78,
Iran,IRN,2005,1.756,
Iran,IRN,2006,1.755,
Iran,IRN,2007,1.748,
Iran,IRN,2008,1.743,
Iran,IRN,2009,1.74,
Iran,IRN,2010,1.749,
Iran,IRN,2011,1.792,
Iran,IRN,2012,1.851,
Iran,IRN,2013,1.913,
Iran,IRN,2014,1.975,
Iran,IRN,2015,2.017,
Iran,IRN,2016,2.054,
Iran,IRN,2017,2.023,
Iran,IRN,2018,1.919,
Iran,IRN,2019,1.766,
Iran,IRN,2020,1.7,
Iran,IRN,2021,1.709,
Iran,IRN,2022,1.704,
Iran,IRN,2023,1.695,
Iran,IRN,2024,,1.684
Iran,IRN,2025,,1.67
Iran,IRN,2026,,1.658
Iran,IRN,2027,,1.651
Iran,IRN,2028,,1.645
Iran,IRN,2029,,1.639
Iran,IRN,2030,,1.633
Iran,IRN,2031,,1.629
Iran,IRN,2032,,1.627
Iran,IRN,2033,,1.627
Iran,IRN,2034,,1.629
Iran,IRN,2035,,1.63
Iran,IRN,2036,,1.63
Iran,IRN,2037,,1.629
Iran,IRN,2038,,1.627
Iran,IRN,2039,,1.627
Iran,IRN,2040,,1.628
Iran,IRN,2041,,1.629
Iran,IRN,2042,,1.628
Iran,IRN,2043,,1.629
Iran,IRN,2044,,1.628
Iran,IRN,2045,,1.628
Iran,IRN,2046,,1.629
Iran,IRN,2047,,1.628
Iran,IRN,2048,,1.629
Iran,IRN,2049,,1.626
Iran,IRN,2050,,1.626
Iran,IRN,2051,,1.627
Iran,IRN,2052,,1.629
Iran,IRN,2053,,1.632
Iran,IRN,2054,,1.632
Iran,IRN,2055,,1.632
Iran,IRN,2056,,1.633
Iran,IRN,2057,,1.633
Iran,IRN,2058,,1.634
Iran,IRN,2059,,1.634
Iran,IRN,2060,,1.634
Iran,IRN,2061,,1.635
Iran,IRN,2062,,1.633
Iran,IRN,2063,,1.636
Iran,IRN,2064,,1.636
Iran,IRN,2065,,1.638
Iran,IRN,2066,,1.64
Iran,IRN,2067,,1.639
Iran,IRN,2068,,1.638
Iran,IRN,2069,,1.638
Iran,IRN,2070,,1.637
Iran,IRN,2071,,1.636
Iran,IRN,2072,,1.637
Iran,IRN,2073,,1.635
Iran,IRN,2074,,1.634
Iran,IRN,2075,,1.634
Iran,IRN,2076,,1.632
Iran,IRN,2077,,1.634
Iran,IRN,2078,,1.633
Iran,IRN,2079,,1.633
Iran,IRN,2080,,1.631
Iran,IRN,2081,,1.631
Iran,IRN,2082,,1.631
Iran,IRN,2083,,1.632
Iran,IRN,2084,,1.631
Iran,IRN,2085,,1.631
Iran,IRN,2086,,1.632
Iran,IRN,2087,,1.63
Iran,IRN,2088,,1.631
Iran,IRN,2089,,1.631
Iran,IRN,2090,,1.635
Iran,IRN,2091,,1.634
Iran,IRN,2092,,1.634
Iran,IRN,2093,,1.636
Iran,IRN,2094,,1.635
Iran,IRN,2095,,1.635
Iran,IRN,2096,,1.635
Iran,IRN,2097,,1.637
Iran,IRN,2098,,1.638
Iran,IRN,2099,,1.638
Iran,IRN,2100,,1.636
Latvia,LVA,1950,2.075,
Latvia,LVA,1951,2.01,
Latvia,LVA,1952,1.942,
Latvia,LVA,1953,1.846,
Latvia,LVA,1954,1.92,
Latvia,LVA,1955,1.881,
Latvia,LVA,1956,1.837,
Latvia,LVA,1957,1.868,
Latvia,LVA,1958,1.917,
Latvia,LVA,1959,1.922,
Latvia,LVA,1960,1.941,
Latvia,LVA,1961,1.964,
Latvia,LVA,1962,1.915,
Latvia,LVA,1963,1.851,
Latvia,LVA,1964,1.813,
Latvia,LVA,1965,1.729,
Latvia,LVA,1966,1.786,
Latvia,LVA,1967,1.819,
Latvia,LVA,1968,1.86,
Latvia,LVA,1969,1.88,
Latvia,LVA,1970,1.964,
Latvia,LVA,1971,2.023,
Latvia,LVA,1972,2.009,
Latvia,LVA,1973,1.946,
Latvia,LVA,1974,1.978,
Latvia,LVA,1975,1.948,
Latvia,LVA,1976,1.912,
Latvia,LVA,1977,1.87,
Latvia,LVA,1978,1.848,
Latvia,LVA,1979,1.85,
Latvia,LVA,1980,1.876,
Latvia,LVA,1981,1.874,
Latvia,LVA,1982,1.953,
Latvia,LVA,1983,2.097,
Latvia,LVA,1984,2.112,
Latvia,LVA,1985,2.061,
Latvia,LVA,1986,2.173,
Latvia,LVA,1987,2.179,
Latvia,LVA,1988,2.14,
Latvia,LVA,1989,2.029,
Latvia,LVA,1990,1.987,
Latvia,LVA,1991,1.844,
Latvia,LVA,1992,1.72,
Latvia,LVA,1993,1.503,
Latvia,LVA,1994,1.384,
Latvia,LVA,1995,1.252,
Latvia,LVA,1996,1.161,
Latvia,LVA,1997,1.117,
Latvia,LVA,1998,1.104,
Latvia,LVA,1999,1.171,
Latvia,LVA,2000,1.244,
Latvia,LVA,2001,1.223,
Latvia,LVA,2002,1.258,
Latvia,LVA,2003,1.322,
Latvia,LVA,2004,1.297,
Latvia,LVA,2005,1.389,
Latvia,LVA,2006,1.464,
Latvia,LVA,2007,1.542,
Latvia,LVA,2008,1.585,
Latvia,LVA,2009,1.472,
Latvia,LVA,2010,1.367,
Latvia,LVA,2011,1.343,
Latvia,LVA,2012,1.444,
Latvia,LVA,2013,1.527,
Latvia,LVA,2014,1.646,
Latvia,LVA,2015,1.706,
Latvia,LVA,2016,1.742,
Latvia,LVA,2017,1.698,
Latvia,LVA,2018,1.612,
Latvia,LVA,2019,1.609,
Latvia,LVA,2020,1.546,
Latvia,LVA,2021,1.572,
Latvia,LVA,2022,1.47,
Latvia,LVA,2023,1.338,
Latvia,LVA,2024,,1.342
Latvia,LVA,2025,,1.347
Latvia,LVA,2026,,1.354
Latvia,LVA,2027,,1.361
Latvia,LVA,2028,,1.365
Latvia,LVA,2029,,1.369
Latvia,LVA,2030,,1.374
Latvia,LVA,2031,,1.378
Latvia,LVA,2032,,1.383
Latvia,LVA,2033,,1.386
Latvia,LVA,2034,,1.391
Latvia,LVA,2035,,1.394
Latvia,LVA,2036,,1.398
Latvia,LVA,2037,,1.401
Latvia,LVA,2038,,1.404
Latvia,LVA,2039,,1.406
Latvia,LVA,2040,,1.41
Latvia,LVA,2041,,1.414
Latvia,LVA,2042,,1.416
Latvia,LVA,2043,,1.419
Latvia,LVA,2044,,1.421
Latvia,LVA,2045,,1.425
Latvia,LVA,2046,,1.43
Latvia,LVA,2047,,1.433
Latvia,LVA,2048,,1.439
Latvia,LVA,2049,,1.44
Latvia,LVA,2050,,1.443
Latvia,LVA,2051,,1.444
Latvia,LVA,2052,,1.446
Latvia,LVA,2053,,1.448
Latvia,LVA,2054,,1.45
Latvia,LVA,2055,,1.454
Latvia,LVA,2056,,1.456
Latvia,LVA,2057,,1.458
Latvia,LVA,2058,,1.462
Latvia,LVA,2059,,1.466
Latvia,LVA,2060,,1.468
Latvia,LVA,2061,,1.472
Latvia,LVA,2062,,1.474
Latvia,LVA,2063,,1.477
Latvia,LVA,2064,,1.479
Latvia,LVA,2065,,1.48
Latvia,LVA,2066,,1.482
Latvia,LVA,2067,,1.483
Latvia,LVA,2068,,1.485
Latvia,LVA,2069,,1.484
Latvia,LVA,2070,,1.486
Latvia,LVA,2071,,1.488
Latvia,LVA,2072,,1.49
Latvia,LVA,2073,,1.492
Latvia,LVA,2074,,1.493
Latvia,LVA,2075,,1.493
Latvia,LVA,2076,,1.496
Latvia,LVA,2077,,1.497
Latvia,LVA,2078,,1.499
Latvia,LVA,2079,,1.497
Latvia,LVA,2080,,1.497
Latvia,LVA,2081,,1.498
Latvia,LVA,2082,,1.498
Latvia,LVA,2083,,1.497
Latvia,LVA,2084,,1.497
Latvia,LVA,2085,,1.497
Latvia,LVA,2086,,1.499
Latvia,LVA,2087,,1.501
Latvia,LVA,2088,,1.502
Latvia,LVA,2089,,1.504
Latvia,LVA,2090,,1.504
Latvia,LVA,2091,,1.506
Latvia,LVA,2092,,1.509
Latvia,LVA,2093,,1.509
Latvia,LVA,2094,,1.512
Latvia,LVA,2095,,1.512
Latvia,LVA,2096,,1.514
Latvia,LVA,2097,,1.516
Latvia,LVA,2098,,1.518
Latvia,LVA,2099,,1.517
Latvia,LVA,2100,,1.516
Namibia,NAM,1950,5.614,
Namibia,NAM,1951,5.677,
Namibia,NAM,1952,5.743,
Namibia,NAM,1953,5.807,
Namibia,NAM,1954,5.87,
Namibia,NAM,1955,5.935,
Namibia,NAM,1956,5.997,
Namibia,NAM,1957,6.06,
Namibia,NAM,1958,6.132,
Namibia,NAM,1959,6.186,
Namibia,NAM,1960,6.243,
Namibia,NAM,1961,6.293,
Namibia,NAM,1962,6.35,
Namibia,NAM,1963,6.408,
Namibia,NAM,1964,6.428,
Namibia,NAM,1965,6.445,
Namibia,NAM,1966,6.472,
Namibia,NAM,1967,6.485,
Namibia,NAM,1968,6.502,
Namibia,NAM,1969,6.508,
Namibia,NAM,1970,6.52,
Namibia,NAM,1971,6.521,
Namibia,NAM,1972,6.533,
Namibia,NAM,1973,6.54,
Namibia,NAM,1974,6.552,
Namibia,NAM,1975,6.533,
Namibia,NAM,1976,6.494,
Namibia,NAM,1977,6.441,
Namibia,NAM,1978,6.384,
Namibia,NAM,1979,6.314,
Namibia,NAM,1980,6.238,
Namibia,NAM,1981,6.159,
Namibia,NAM,1982,6.078,
Namibia,NAM,1983,5.995,
Namibia,NAM,1984,5.94,
Namibia,NAM,1985,5.877,
Namibia,NAM,1986,5.793,
Namibia,NAM,1987,5.699,
Namibia,NAM,1988,5.609,
Namibia,NAM,1989,5.517,
Namibia,NAM,1990,5.398,
Namibia,NAM,1991,5.29,
Namibia,NAM,1992,5.107,
Namibia,NAM,1993,4.905,
Namibia,NAM,1994,4.676,
Namibia,NAM,1995,4.417,
Namibia,NAM,1996,4.201,
Namibia,NAM,1997,4.166,
Namibia,NAM,1998,4.176,
Namibia,NAM,1999,4.138,
Namibia,NAM,2000,3.991,
Namibia,NAM,2001,3.827,
Namibia,NAM,2002,3.693,
Namibia,NAM,2003,3.58,
Namibia,NAM,2004,3.545,
Namibia,NAM,2005,3.571,
Namibia,NAM,2006,3.601,
Namibia,NAM,2007,3.608,
Namibia,NAM,2008,3.616,
Namibia,NAM,2009,3.633,
Namibia,NAM,2010,3.657,
Namibia,NAM,2011,3.658,
Namibia,NAM,2012,3.676,
Namibia,NAM,2013,3.653,
Namibia,NAM,2014,3.635,
Namibia,NAM,2015,3.604,
Namibia,NAM,2016,3.574,
Namibia,NAM,2017,3.511,
Namibia,NAM,2018,3.462,
Namibia,NAM,2019,3.404,
Namibia,NAM,2020,3.349,
Namibia,NAM,2021,3.303,
Namibia,NAM,2022,3.248,
Namibia,NAM,2023,3.212,
Namibia,NAM,2024,,3.211
Namibia,NAM,2025,,3.168
Namibia,NAM,2026,,3.13
Namibia,NAM,2027,,3.093
Namibia,NAM,2028,,3.055
Namibia,NAM,2029,,3.016
Namibia,NAM,2030,,2.977
Namibia,NAM,2031,,2.943
Namibia,NAM,2032,,2.907
Namibia,NAM,2033,,2.875
Namibia,NAM,2034,,2.841
Namibia,NAM,2035,,2.808
Namibia,NAM,2036,,2.777
Namibia,NAM,2037,,2.746
Namibia,NAM,2038,,2.715
Namibia,NAM,2039,,2.683
Namibia,NAM,2040,,2.655
Namibia,NAM,2041,,2.627
Namibia,NAM,2042,,2.605
Namibia,NAM,2043,,2.578
Namibia,NAM,2044,,2.555
Namibia,NAM,2045,,2.533
Namibia,NAM,2046,,2.511
Namibia,NAM,2047,,2.488
Namibia,NAM,2048,,2.466
Namibia,NAM,2049,,2.445
Namibia,NAM,2050,,2.426
Namibia,NAM,2051,,2.408
Namibia,NAM,2052,,2.391
Namibia,NAM,2053,,2.375
Namibia,NAM,2054,,2.358
Namibia,NAM,2055,,2.34
Namibia,NAM,2056,,2.327
Namibia,NAM,2057,,2.311
Namibia,NAM,2058,,2.29
Namibia,NAM,2059,,2.274
Namibia,NAM,2060,,2.259
Namibia,NAM,2061,,2.245
Namibia,NAM,2062,,2.232
Namibia,NAM,2063,,2.217
Namibia,NAM,2064,,2.205
Namibia,NAM,2065,,2.193
Namibia,NAM,2066,,2.179
Namibia,NAM,2067,,2.168
Namibia,NAM,2068,,2.157
Namibia,NAM,2069,,2.143
Namibia,NAM,2070,,2.131
Namibia,NAM,2071,,2.119
Namibia,NAM,2072,,2.11
Namibia,NAM,2073,,2.103
Namibia,NAM,2074,,2.097
Namibia,NAM,2075,,2.089
Namibia,NAM,2076,,2.077
Namibia,NAM,2077,,2.067
Namibia,NAM,2078,,2.059
Namibia,NAM,2079,,2.052
Namibia,NAM,2080,,2.043
Namibia,NAM,2081,,2.032
Namibia,NAM,2082,,2.024
Namibia,NAM,2083,,2.015
Namibia,NAM,2084,,2.006
Namibia,NAM,2085,,2
Namibia,NAM,2086,,1.995
Namibia,NAM,2087,,1.987
Namibia,NAM,2088,,1.98
Namibia,NAM,2089,,1.97
Namibia,NAM,2090,,1.966
Namibia,NAM,2091,,1.962
Namibia,NAM,2092,,1.955
Namibia,NAM,2093,,1.946
Namibia,NAM,2094,,1.938
Namibia,NAM,2095,,1.932
Namibia,NAM,2096,,1.928
Namibia,NAM,2097,,1.924
Namibia,NAM,2098,,1.92
Namibia,NAM,2099,,1.915
Namibia,NAM,2100,,1.91
Nauru,NRU,1950,4.601,
Nauru,NRU,1951,4.639,
Nauru,NRU,1952,4.705,
Nauru,NRU,1953,4.79,
Nauru,NRU,1954,4.882,
Nauru,NRU,1955,4.956,
Nauru,NRU,1956,5.026,
Nauru,NRU,1957,5.09,
Nauru,NRU,1958,5.17,
Nauru,NRU,1959,5.273,
Nauru,NRU,1960,5.337,
Nauru,NRU,1961,5.376,
Nauru,NRU,1962,5.423,
Nauru,NRU,1963,5.441,
Nauru,NRU,1964,5.473,
Nauru,NRU,1965,5.476,
Nauru,NRU,1966,5.412,
Nauru,NRU,1967,5.294,
Nauru,NRU,1968,5.139,
Nauru,NRU,1969,4.942,
Nauru,NRU,1970,4.74,
Nauru,NRU,1971,4.541,
Nauru,NRU,1972,4.355,
Nauru,NRU,1973,4.192,
Nauru,NRU,1974,4.067,
Nauru,NRU,1975,3.972,
Nauru,NRU,1976,3.899,
Nauru,NRU,1977,3.858,
Nauru,NRU,1978,3.843,
Nauru,NRU,1979,3.847,
Nauru,NRU,1980,3.878,
Nauru,NRU,1981,3.935,
Nauru,NRU,1982,3.993,
Nauru,NRU,1983,4.056,
Nauru,NRU,1984,4.108,
Nauru,NRU,1985,4.144,
Nauru,NRU,1986,4.149,
Nauru,NRU,1987,4.143,
Nauru,NRU,1988,4.114,
Nauru,NRU,1989,4.068,
Nauru,NRU,1990,4.02,
Nauru,NRU,1991,3.991,
Nauru,NRU,1992,3.952,
Nauru,NRU,1993,3.887,
Nauru,NRU,1994,3.837,
Nauru,NRU,1995,3.808,
Nauru,NRU,1996,3.775,
Nauru,NRU,1997,3.738,
Nauru,NRU,1998,3.683,
Nauru,NRU,1999,3.636,
Nauru,NRU,2000,3.543,
Nauru,NRU,2001,3.461,
Nauru,NRU,2002,3.4,
Nauru,NRU,2003,3.388,
Nauru,NRU,2004,3.378,
Nauru,NRU,2005,3.377,
Nauru,NRU,2006,3.4,
Nauru,NRU,2007,3.504,
Nauru,NRU,2008,3.665,
Nauru,NRU,2009,3.847,
Nauru,NRU,2010,4.019,
Nauru,NRU,2011,4.117,
Nauru,NRU,2012,4.115,
Nauru,NRU,2013,4.098,
Nauru,NRU,2014,4.085,
Nauru,NRU,2015,4.075,
Nauru,NRU,2016,4.027,
Nauru,NRU,2017,3.879,
Nauru,NRU,2018,3.683,
Nauru,NRU,2019,3.531,
Nauru,NRU,2020,3.466,
Nauru,NRU,2021,3.425,
Nauru,NRU,2022,3.379,
Nauru,NRU,2023,3.331,
Nauru,NRU,2024,,3.29
Nauru,NRU,2025,,3.248
Nauru,NRU,2026,,3.205
Nauru,NRU,2027,,3.161
Nauru,NRU,2028,,3.121
Nauru,NRU,2029,,3.085
Nauru,NRU,2030,,3.048
Nauru,NRU,2031,,3.014
Nauru,NRU,2032,,2.982
Nauru,NRU,2033,,2.949
Nauru,NRU,2034,,2.919
Nauru,NRU,2035,,2.89
Nauru,NRU,2036,,2.86
Nauru,NRU,2037,,2.832
Nauru,NRU,2038,,2.802
Nauru,NRU,2039,,2.774
Nauru,NRU,2040,,2.747
Nauru,NRU,2041,,2.724
Nauru,NRU,2042,,2.697
Nauru,NRU,2043,,2.674
Nauru,NRU,2044,,2.651
Nauru,NRU,2045,,2.628
Nauru,NRU,2046,,2.606
Nauru,NRU,2047,,2.584
Nauru,NRU,2048,,2.564
Nauru,NRU,2049,,2.547
Nauru,NRU,2050,,2.53
Nauru,NRU,2051,,2.511
Nauru,NRU,2052,,2.494
Nauru,NRU,2053,,2.476
Nauru,NRU,2054,,2.46
Nauru,NRU,2055,,2.441
Nauru,NRU,2056,,2.425
Nauru,NRU,2057,,2.41
Nauru,NRU,2058,,2.393
Nauru,NRU,2059,,2.377
Nauru,NRU,2060,,2.359
Nauru,NRU,2061,,2.343
Nauru,NRU,2062,,2.327
Nauru,NRU,2063,,2.31
Nauru,NRU,2064,,2.295
Nauru,NRU,2065,,2.282
Nauru,NRU,2066,,2.269
Nauru,NRU,2067,,2.257
Nauru,NRU,2068,,2.247
Nauru,NRU,2069,,2.236
Nauru,NRU,2070,,2.225
Nauru,NRU,2071,,2.212
Nauru,NRU,2072,,2.198
Nauru,NRU,2073,,2.187
Nauru,NRU,2074,,2.178
Nauru,NRU,2075,,2.166
Nauru,NRU,2076,,2.156
Nauru,NRU,2077,,2.146
Nauru,NRU,2078,,2.137
Nauru,NRU,2079,,2.127
Nauru,NRU,2080,,2.12
Nauru,NRU,2081,,2.107
Nauru,NRU,2082,,2.099
Nauru,NRU,2083,,2.09
Nauru,NRU,2084,,2.083
Nauru,NRU,2085,,2.073
Nauru,NRU,2086,,2.063
Nauru,NRU,2087,,2.056
Nauru,NRU,2088,,2.048
Nauru,NRU,2089,,2.04
Nauru,NRU,2090,,2.029
Nauru,NRU,2091,,2.023
Nauru,NRU,2092,,2.02
Nauru,NRU,2093,,2.01
Nauru,NRU,2094,,2.002
Nauru,NRU,2095,,1.996
Nauru,NRU,2096,,1.994
Nauru,NRU,2097,,1.987
Nauru,NRU,2098,,1.98
Nauru,NRU,2099,,1.974
Nauru,NRU,2100,,1.968
New Zealand,NZL,1950,3.552,
New Zealand,NZL,1951,3.602,
New Zealand,NZL,1952,3.668,
New Zealand,NZL,1953,3.655,
New Zealand,NZL,1954,3.778,
New Zealand,NZL,1955,3.88,
New Zealand,NZL,1956,3.979,
New Zealand,NZL,1957,4.031,
New Zealand,NZL,1958,4.11,
New Zealand,NZL,1959,4.179,
New Zealand,NZL,1960,4.241,
New Zealand,NZL,1961,4.306,
New Zealand,NZL,1962,4.159,
New Zealand,NZL,1963,4.046,
New Zealand,NZL,1964,3.776,
New Zealand,NZL,1965,3.537,
New Zealand,NZL,1966,3.42,
New Zealand,NZL,1967,3.35,
New Zealand,NZL,1968,3.335,
New Zealand,NZL,1969,3.273,
New Zealand,NZL,1970,3.168,
New Zealand,NZL,1971,3.18,
New Zealand,NZL,1972,2.998,
New Zealand,NZL,1973,2.738,
New Zealand,NZL,1974,2.574,
New Zealand,NZL,1975,2.357,
New Zealand,NZL,1976,2.27,
New Zealand,NZL,1977,2.213,
New Zealand,NZL,1978,2.077,
New Zealand,NZL,1979,2.113,
New Zealand,NZL,1980,2.032,
New Zealand,NZL,1981,2.011,
New Zealand,NZL,1982,1.947,
New Zealand,NZL,1983,1.92,
New Zealand,NZL,1984,1.928,
New Zealand,NZL,1985,1.93,
New Zealand,NZL,1986,1.96,
New Zealand,NZL,1987,2.029,
New Zealand,NZL,1988,2.098,
New Zealand,NZL,1989,2.121,
New Zealand,NZL,1990,2.167,
New Zealand,NZL,1991,2.092,
New Zealand,NZL,1992,2.06,
New Zealand,NZL,1993,2.038,
New Zealand,NZL,1994,1.982,
New Zealand,NZL,1995,1.979,
New Zealand,NZL,1996,1.961,
New Zealand,NZL,1997,1.956,
New Zealand,NZL,1998,1.895,
New Zealand,NZL,1999,1.966,
New Zealand,NZL,2000,1.977,
New Zealand,NZL,2001,1.964,
New Zealand,NZL,2002,1.892,
New Zealand,NZL,2003,1.929,
New Zealand,NZL,2004,1.976,
New Zealand,NZL,2005,1.961,
New Zealand,NZL,2006,2.01,
New Zealand,NZL,2007,2.169,
New Zealand,NZL,2008,2.187,
New Zealand,NZL,2009,2.133,
New Zealand,NZL,2010,2.165,
New Zealand,NZL,2011,2.096,
New Zealand,NZL,2012,2.087,
New Zealand,NZL,2013,2.004,
New Zealand,NZL,2014,1.925,
New Zealand,NZL,2015,1.982,
New Zealand,NZL,2016,1.876,
New Zealand,NZL,2017,1.811,
New Zealand,NZL,2018,1.719,
New Zealand,NZL,2019,1.717,
New Zealand,NZL,2020,1.63,
New Zealand,NZL,2021,1.647,
New Zealand,NZL,2022,1.665,
New Zealand,NZL,2023,1.667,
New Zealand,NZL,2024,,1.659
New Zealand,NZL,2025,,1.646
New Zealand,NZL,2026,,1.639
New Zealand,NZL,2027,,1.634
New Zealand,NZL,2028,,1.629
New Zealand,NZL,2029,,1.625
New Zealand,NZL,2030,,1.62
New Zealand,NZL,2031,,1.621
New Zealand,NZL,2032,,1.62
New Zealand,NZL,2033,,1.618
New Zealand,NZL,2034,,1.616
New Zealand,NZL,2035,,1.618
New Zealand,NZL,2036,,1.617
New Zealand,NZL,2037,,1.616
New Zealand,NZL,2038,,1.615
New Zealand,NZL,2039,,1.617
New Zealand,NZL,2040,,1.616
New Zealand,NZL,2041,,1.615
New Zealand,NZL,2042,,1.615
New Zealand,NZL,2043,,1.615
New Zealand,NZL,2044,,1.614
New Zealand,NZL,2045,,1.612
New Zealand,NZL,2046,,1.611
New Zealand,NZL,2047,,1.613
New Zealand,NZL,2048,,1.612
New Zealand,NZL,2049,,1.615
New Zealand,NZL,2050,,1.616
New Zealand,NZL,2051,,1.615
New Zealand,NZL,2052,,1.615
New Zealand,NZL,2053,,1.617
New Zealand,NZL,2054,,1.617
New Zealand,NZL,2055,,1.617
New Zealand,NZL,2056,,1.615
New Zealand,NZL,2057,,1.615
New Zealand,NZL,2058,,1.616
New Zealand,NZL,2059,,1.613
New Zealand,NZL,2060,,1.612
New Zealand,NZL,2061,,1.612
New Zealand,NZL,2062,,1.614
New Zealand,NZL,2063,,1.614
New Zealand,NZL,2064,,1.615
New Zealand,NZL,2065,,1.615
New Zealand,NZL,2066,,1.615
New Zealand,NZL,2067,,1.615
New Zealand,NZL,2068,,1.617
New Zealand,NZL,2069,,1.616
New Zealand,NZL,2070,,1.616
New Zealand,NZL,2071,,1.615
New Zealand,NZL,2072,,1.614
New Zealand,NZL,2073,,1.616
New Zealand,NZL,2074,,1.616
New Zealand,NZL,2075,,1.615
New Zealand,NZL,2076,,1.616
New Zealand,NZL,2077,,1.616
New Zealand,NZL,2078,,1.616
New Zealand,NZL,2079,,1.615
New Zealand,NZL,2080,,1.617
New Zealand,NZL,2081,,1.619
New Zealand,NZL,2082,,1.617
New Zealand,NZL,2083,,1.62
New Zealand,NZL,2084,,1.619
New Zealand,NZL,2085,,1.621
New Zealand,NZL,2086,,1.621
New Zealand,NZL,2087,,1.622
New Zealand,NZL,2088,,1.623
New Zealand,NZL,2089,,1.622
New Zealand,NZL,2090,,1.623
New Zealand,NZL,2091,,1.624
New Zealand,NZL,2092,,1.623
New Zealand,NZL,2093,,1.624
New Zealand,NZL,2094,,1.625
New Zealand,NZL,2095,,1.627
New Zealand,NZL,2096,,1.628
New Zealand,NZL,2097,,1.626
New Zealand,NZL,2098,,1.624
New Zealand,NZL,2099,,1.624
New Zealand,NZL,2100,,1.625
Nicaragua,NIC,1950,7.121,
Nicaragua,NIC,1951,7.118,
Nicaragua,NIC,1952,7.096,
Nicaragua,NIC,1953,7.096,
Nicaragua,NIC,1954,7.105,
Nicaragua,NIC,1955,7.123,
Nicaragua,NIC,1956,7.139,
Nicaragua,NIC,1957,7.152,
Nicaragua,NIC,1958,7.159,
Nicaragua,NIC,1959,7.163,
Nicaragua,NIC,1960,7.159,
Nicaragua,NIC,1961,7.112,
Nicaragua,NIC,1962,7.1,
Nicaragua,NIC,1963,7.081,
Nicaragua,NIC,1964,7.064,
Nicaragua,NIC,1965,7.033,
Nicaragua,NIC,1966,6.99,
Nicaragua,NIC,1967,6.94,
Nicaragua,NIC,1968,6.885,
Nicaragua,NIC,1969,6.825,
Nicaragua,NIC,1970,6.773,
Nicaragua,NIC,1971,6.714,
Nicaragua,NIC,1972,6.653,
Nicaragua,NIC,1973,6.586,
Nicaragua,NIC,1974,6.521,
Nicaragua,NIC,1975,6.445,
Nicaragua,NIC,1976,6.366,
Nicaragua,NIC,1977,6.28,
Nicaragua,NIC,1978,6.164,
Nicaragua,NIC,1979,6.069,
Nicaragua,NIC,1980,5.959,
Nicaragua,NIC,1981,5.84,
Nicaragua,NIC,1982,5.737,
Nicaragua,NIC,1983,5.611,
Nicaragua,NIC,1984,5.488,
Nicaragua,NIC,1985,5.359,
Nicaragua,NIC,1986,5.217,
Nicaragua,NIC,1987,5.073,
Nicaragua,NIC,1988,4.931,
Nicaragua,NIC,1989,4.762,
Nicaragua,NIC,1990,4.596,
Nicaragua,NIC,1991,4.432,
Nicaragua,NIC,1992,4.267,
Nicaragua,NIC,1993,4.102,
Nicaragua,NIC,1994,3.937,
Nicaragua,NIC,1995,3.775,
Nicaragua,NIC,1996,3.62,
Nicaragua,NIC,1997,3.473,
Nicaragua,NIC,1998,3.339,
Nicaragua,NIC,1999,3.218,
Nicaragua,NIC,2000,3.12,
Nicaragua,NIC,2001,2.996,
Nicaragua,NIC,2002,2.887,
Nicaragua,NIC,2003,2.827,
Nicaragua,NIC,2004,2.784,
Nicaragua,NIC,2005,2.765,
Nicaragua,NIC,2006,2.733,
Nicaragua,NIC,2007,2.697,
Nicaragua,NIC,2008,2.66,
Nicaragua,NIC,2009,2.626,
Nicaragua,NIC,2010,2.596,
Nicaragua,NIC,2011,2.558,
Nicaragua,NIC,2012,2.527,
Nicaragua,NIC,2013,2.492,
Nicaragua,NIC,2014,2.463,
Nicaragua,NIC,2015,2.434,
Nicaragua,NIC,2016,2.407,
Nicaragua,NIC,2017,2.378,
Nicaragua,NIC,2018,2.347,
Nicaragua,NIC,2019,2.321,
Nicaragua,NIC,2020,2.299,
Nicaragua,NIC,2021,2.265,
Nicaragua,NIC,2022,2.24,
Nicaragua,NIC,2023,2.218,
Nicaragua,NIC,2024,,2.206
Nicaragua,NIC,2025,,2.181
Nicaragua,NIC,2026,,2.158
Nicaragua,NIC,2027,,2.136
Nicaragua,NIC,2028,,2.112
Nicaragua,NIC,2029,,2.09
Nicaragua,NIC,2030,,2.071
Nicaragua,NIC,2031,,2.051
Nicaragua,NIC,2032,,2.036
Nicaragua,NIC,2033,,2.023
Nicaragua,NIC,2034,,2.01
Nicaragua,NIC,2035,,1.998
Nicaragua,NIC,2036,,1.983
Nicaragua,NIC,2037,,1.973
Nicaragua,NIC,2038,,1.96
Nicaragua,NIC,2039,,1.949
Nicaragua,NIC,2040,,1.938
Nicaragua,NIC,2041,,1.928
Nicaragua,NIC,2042,,1.919
Nicaragua,NIC,2043,,1.91
Nicaragua,NIC,2044,,1.901
Nicaragua,NIC,2045,,1.893
Nicaragua,NIC,2046,,1.886
Nicaragua,NIC,2047,,1.879
Nicaragua,NIC,2048,,1.871
Nicaragua,NIC,2049,,1.865
Nicaragua,NIC,2050,,1.858
Nicaragua,NIC,2051,,1.85
Nicaragua,NIC,2052,,1.841
Nicaragua,NIC,2053,,1.833
Nicaragua,NIC,2054,,1.827
Nicaragua,NIC,2055,,1.821
Nicaragua,NIC,2056,,1.817
Nicaragua,NIC,2057,,1.811
Nicaragua,NIC,2058,,1.807
Nicaragua,NIC,2059,,1.802
Nicaragua,NIC,2060,,1.796
Nicaragua,NIC,2061,,1.79
Nicaragua,NIC,2062,,1.786
Nicaragua,NIC,2063,,1.782
Nicaragua,NIC,2064,,1.776
Nicaragua,NIC,2065,,1.774
Nicaragua,NIC,2066,,1.772
Nicaragua,NIC,2067,,1.768
Nicaragua,NIC,2068,,1.765
Nicaragua,NIC,2069,,1.761
Nicaragua,NIC,2070,,1.758
Nicaragua,NIC,2071,,1.754
Nicaragua,NIC,2072,,1.753
Nicaragua,NIC,2073,,1.751
Nicaragua,NIC,2074,,1.749
Nicaragua,NIC,2075,,1.748
Nicaragua,NIC,2076,,1.747
Nicaragua,NIC,2077,,1.746
Nicaragua,NIC,2078,,1.744
Nicaragua,NIC,2079,,1.743
Nicaragua,NIC,2080,,1.74
Nicaragua,NIC,2081,,1.738
Nicaragua,NIC,2082,,1.735
Nicaragua,NIC,2083,,1.735
Nicaragua,NIC,2084,,1.732
Nicaragua,NIC,2085,,1.732
Nicaragua,NIC,2086,,1.732
Nicaragua,NIC,2087,,1.728
Nicaragua,NIC,2088,,1.726
Nicaragua,NIC,2089,,1.725
Nicaragua,NIC,2090,,1.725
Nicaragua,NIC,2091,,1.724
Nicaragua,NIC,2092,,1.723
Nicaragua,NIC,2093,,1.722
Nicaragua,NIC,2094,,1.723
Nicaragua,NIC,2095,,1.723
Nicaragua,NIC,2096,,1.722
Nicaragua,NIC,2097,,1.722
Nicaragua,NIC,2098,,1.722
Nicaragua,NIC,2099,,1.72
Nicaragua,NIC,2100,,1.718
Niger,NER,1950,7.559,
Niger,NER,1951,7.558,
Niger,NER,1952,7.56,
Niger,NER,1953,7.552,
Niger,NER,1954,7.554,
Niger,NER,1955,7.551,
Niger,NER,1956,7.542,
Niger,NER,1957,7.542,
Niger,NER,1958,7.542,
Niger,NER,1959,7.528,
Niger,NER,1960,7.53,
Niger,NER,1961,7.512,
Niger,NER,1962,7.501,
Niger,NER,1963,7.489,
Niger,NER,1964,7.48,
Niger,NER,1965,7.466,
Niger,NER,1966,7.481,
Niger,NER,1967,7.49,
Niger,NER,1968,7.497,
Niger,NER,1969,7.506,
Niger,NER,1970,7.514,
Niger,NER,1971,7.518,
Niger,NER,1972,7.523,
Niger,NER,1973,7.529,
Niger,NER,1974,7.539,
Niger,NER,1975,7.539,
Niger,NER,1976,7.563,
Niger,NER,1977,7.595,
Niger,NER,1978,7.662,
Niger,NER,1979,7.722,
Niger,NER,1980,7.782,
Niger,NER,1981,7.822,
Niger,NER,1982,7.862,
Niger,NER,1983,7.902,
Niger,NER,1984,7.921,
Niger,NER,1985,7.932,
Niger,NER,1986,7.904,
Niger,NER,1987,7.871,
Niger,NER,1988,7.841,
Niger,NER,1989,7.818,
Niger,NER,1990,7.806,
Niger,NER,1991,7.798,
Niger,NER,1992,7.795,
Niger,NER,1993,7.79,
Niger,NER,1994,7.786,
Niger,NER,1995,7.776,
Niger,NER,1996,7.78,
Niger,NER,1997,7.802,
Niger,NER,1998,7.84,
Niger,NER,1999,7.84,
Niger,NER,2000,7.829,
Niger,NER,2001,7.81,
Niger,NER,2002,7.797,
Niger,NER,2003,7.789,
Niger,NER,2004,7.777,
Niger,NER,2005,7.769,
Niger,NER,2006,7.744,
Niger,NER,2007,7.726,
Niger,NER,2008,7.702,
Niger,NER,2009,7.679,
Niger,NER,2010,7.64,
Niger,NER,2011,7.592,
Niger,NER,2012,7.527,
Niger,NER,2013,7.445,
Niger,NER,2014,7.342,
Niger,NER,2015,7.215,
Niger,NER,2016,7.043,
Niger,NER,2017,6.874,
Niger,NER,2018,6.706,
Niger,NER,2019,6.537,
Niger,NER,2020,6.369,
Niger,NER,2021,6.2,
Niger,NER,2022,6.135,
Niger,NER,2023,6.061,
Niger,NER,2024,,5.935
Niger,NER,2025,,5.786
Niger,NER,2026,,5.644
Niger,NER,2027,,5.494
Niger,NER,2028,,5.348
Niger,NER,2029,,5.218
Niger,NER,2030,,5.081
Niger,NER,2031,,4.934
Niger,NER,2032,,4.804
Niger,NER,2033,,4.692
Niger,NER,2034,,4.552
Niger,NER,2035,,4.443
Niger,NER,2036,,4.324
Niger,NER,2037,,4.212
Niger,NER,2038,,4.102
Niger,NER,2039,,4.003
Niger,NER,2040,,3.913
Niger,NER,2041,,3.822
Niger,NER,2042,,3.742
Niger,NER,2043,,3.664
Niger,NER,2044,,3.594
Niger,NER,2045,,3.527
Niger,NER,2046,,3.457
Niger,NER,2047,,3.393
Niger,NER,2048,,3.335
Niger,NER,2049,,3.278
Niger,NER,2050,,3.223
Niger,NER,2051,,3.174
Niger,NER,2052,,3.124
Niger,NER,2053,,3.076
Niger,NER,2054,,3.028
Niger,NER,2055,,2.979
Niger,NER,2056,,2.933
Niger,NER,2057,,2.892
Niger,NER,2058,,2.85
Niger,NER,2059,,2.811
Niger,NER,2060,,2.774
Niger,NER,2061,,2.739
Niger,NER,2062,,2.704
Niger,NER,2063,,2.672
Niger,NER,2064,,2.641
Niger,NER,2065,,2.608
Niger,NER,2066,,2.581
Niger,NER,2067,,2.551
Niger,NER,2068,,2.522
Niger,NER,2069,,2.497
Niger,NER,2070,,2.47
Niger,NER,2071,,2.443
Niger,NER,2072,,2.421
Niger,NER,2073,,2.399
Niger,NER,2074,,2.376
Niger,NER,2075,,2.356
Niger,NER,2076,,2.334
Niger,NER,2077,,2.314
Niger,NER,2078,,2.293
Niger,NER,2079,,2.275
Niger,NER,2080,,2.259
Niger,NER,2081,,2.241
Niger,NER,2082,,2.225
Niger,NER,2083,,2.208
Niger,NER,2084,,2.19
Niger,NER,2085,,2.174
Niger,NER,2086,,2.158
Niger,NER,2087,,2.144
Niger,NER,2088,,2.13
Niger,NER,2089,,2.118
Niger,NER,2090,,2.109
Niger,NER,2091,,2.098
Niger,NER,2092,,2.089
Niger,NER,2093,,2.077
Niger,NER,2094,,2.065
Niger,NER,2095,,2.056
Niger,NER,2096,,2.045
Niger,NER,2097,,2.034
Niger,NER,2098,,2.024
Niger,NER,2099,,2.017
Niger,NER,2100,,2.009
Norway,NOR,1950,2.523,
Norway,NOR,1951,2.469,
Norway,NOR,1952,2.578,
Norway,NOR,1953,2.637,
Norway,NOR,1954,2.671,
Norway,NOR,1955,2.758,
Norway,NOR,1956,2.829,
Norway,NOR,1957,2.824,
Norway,NOR,1958,2.865,
Norway,NOR,1959,2.882,
Norway,NOR,1960,2.847,
Norway,NOR,1961,2.915,
Norway,NOR,1962,2.894,
Norway,NOR,1963,2.905,
Norway,NOR,1964,2.962,
Norway,NOR,1965,2.925,
Norway,NOR,1966,2.891,
Norway,NOR,1967,2.786,
Norway,NOR,1968,2.751,
Norway,NOR,1969,2.697,
Norway,NOR,1970,2.512,
Norway,NOR,1971,2.494,
Norway,NOR,1972,2.39,
Norway,NOR,1973,2.234,
Norway,NOR,1974,2.134,
Norway,NOR,1975,1.986,
Norway,NOR,1976,1.867,
Norway,NOR,1977,1.759,
Norway,NOR,1978,1.771,
Norway,NOR,1979,1.751,
Norway,NOR,1980,1.722,
Norway,NOR,1981,1.701,
Norway,NOR,1982,1.706,
Norway,NOR,1983,1.656,
Norway,NOR,1984,1.657,
Norway,NOR,1985,1.675,
Norway,NOR,1986,1.707,
Norway,NOR,1987,1.744,
Norway,NOR,1988,1.841,
Norway,NOR,1989,1.887,
Norway,NOR,1990,1.932,
Norway,NOR,1991,1.92,
Norway,NOR,1992,1.888,
Norway,NOR,1993,1.865,
Norway,NOR,1994,1.869,
Norway,NOR,1995,1.873,
Norway,NOR,1996,1.892,
Norway,NOR,1997,1.86,
Norway,NOR,1998,1.82,
Norway,NOR,1999,1.849,
Norway,NOR,2000,1.854,
Norway,NOR,2001,1.788,
Norway,NOR,2002,1.757,
Norway,NOR,2003,1.798,
Norway,NOR,2004,1.828,
Norway,NOR,2005,1.835,
Norway,NOR,2006,1.899,
Norway,NOR,2007,1.897,
Norway,NOR,2008,1.951,
Norway,NOR,2009,1.974,
Norway,NOR,2010,1.941,
Norway,NOR,2011,1.876,
Norway,NOR,2012,1.847,
Norway,NOR,2013,1.779,
Norway,NOR,2014,1.754,
Norway,NOR,2015,1.728,
Norway,NOR,2016,1.705,
Norway,NOR,2017,1.624,
Norway,NOR,2018,1.566,
Norway,NOR,2019,1.533,
Norway,NOR,2020,1.482,
Norway,NOR,2021,1.56,
Norway,NOR,2022,1.415,
Norway,NOR,2023,1.405,
Norway,NOR,2024,,1.41
Norway,NOR,2025,,1.415
Norway,NOR,2026,,1.418
Norway,NOR,2027,,1.422
Norway,NOR,2028,,1.427
Norway,NOR,2029,,1.431
Norway,NOR,2030,,1.436
Norway,NOR,2031,,1.439
Norway,NOR,2032,,1.443
Norway,NOR,2033,,1.447
Norway,NOR,2034,,1.452
Norway,NOR,2035,,1.454
Norway,NOR,2036,,1.459
Norway,NOR,2037,,1.464
Norway,NOR,2038,,1.466
Norway,NOR,2039,,1.469
Norway,NOR,2040,,1.473
Norway,NOR,2041,,1.477
Norway,NOR,2042,,1.48
Norway,NOR,2043,,1.48
Norway,NOR,2044,,1.482
Norway,NOR,2045,,1.484
Norway,NOR,2046,,1.487
Norway,NOR,2047,,1.489
Norway,NOR,2048,,1.494
Norway,NOR,2049,,1.496
Norway,NOR,2050,,1.499
Norway,NOR,2051,,1.501
Norway,NOR,2052,,1.502
Norway,NOR,2053,,1.506
Norway,NOR,2054,,1.507
Norway,NOR,2055,,1.508
Norway,NOR,2056,,1.508
Norway,NOR,2057,,1.509
Norway,NOR,2058,,1.51
Norway,NOR,2059,,1.511
Norway,NOR,2060,,1.513
Norway,NOR,2061,,1.513
Norway,NOR,2062,,1.514
Norway,NOR,2063,,1.516
Norway,NOR,2064,,1.518
Norway,NOR,2065,,1.52
Norway,NOR,2066,,1.52
Norway,NOR,2067,,1.521
Norway,NOR,2068,,1.521
Norway,NOR,2069,,1.524
Norway,NOR,2070,,1.526
Norway,NOR,2071,,1.528
Norway,NOR,2072,,1.528
Norway,NOR,2073,,1.529
Norway,NOR,2074,,1.529
Norway,NOR,2075,,1.53
Norway,NOR,2076,,1.531
Norway,NOR,2077,,1.534
Norway,NOR,2078,,1.533
Norway,NOR,2079,,1.533
Norway,NOR,2080,,1.536
Norway,NOR,2081,,1.536
Norway,NOR,2082,,1.538
Norway,NOR,2083,,1.539
Norway,NOR,2084,,1.543
Norway,NOR,2085,,1.545
Norway,NOR,2086,,1.546
Norway,NOR,2087,,1.544
Norway,NOR,2088,,1.546
Norway,NOR,2089,,1.547
Norway,NOR,2090,,1.548
Norway,NOR,2091,,1.549
Norway,NOR,2092,,1.55
Norway,NOR,2093,,1.55
Norway,NOR,2094,,1.55
Norway,NOR,2095,,1.552
Norway,NOR,2096,,1.552
Norway,NOR,2097,,1.552
Norway,NOR,2098,,1.552
Norway,NOR,2099,,1.551
Norway,NOR,2100,,1.551
Panama,PAN,1950,5.568,
Panama,PAN,1951,5.615,
Panama,PAN,1952,5.667,
Panama,PAN,1953,5.718,
Panama,PAN,1954,5.725,
Panama,PAN,1955,5.734,
Panama,PAN,1956,5.745,
Panama,PAN,1957,5.757,
Panama,PAN,1958,5.763,
Panama,PAN,1959,5.794,
Panama,PAN,1960,5.829,
Panama,PAN,1961,5.865,
Panama,PAN,1962,5.872,
Panama,PAN,1963,5.865,
Panama,PAN,1964,5.808,
Panama,PAN,1965,5.728,
Panama,PAN,1966,5.649,
Panama,PAN,1967,5.534,
Panama,PAN,1968,5.411,
Panama,PAN,1969,5.287,
Panama,PAN,1970,5.175,
Panama,PAN,1971,5.054,
Panama,PAN,1972,4.908,
Panama,PAN,1973,4.741,
Panama,PAN,1974,4.576,
Panama,PAN,1975,4.414,
Panama,PAN,1976,4.264,
Panama,PAN,1977,4.118,
Panama,PAN,1978,3.984,
Panama,PAN,1979,3.884,
Panama,PAN,1980,3.796,
Panama,PAN,1981,3.723,
Panama,PAN,1982,3.659,
Panama,PAN,1983,3.601,
Panama,PAN,1984,3.519,
Panama,PAN,1985,3.427,
Panama,PAN,1986,3.339,
Panama,PAN,1987,3.251,
Panama,PAN,1988,3.173,
Panama,PAN,1989,3.121,
Panama,PAN,1990,3.072,
Panama,PAN,1991,2.999,
Panama,PAN,1992,2.95,
Panama,PAN,1993,2.909,
Panama,PAN,1994,2.877,
Panama,PAN,1995,2.852,
Panama,PAN,1996,2.83,
Panama,PAN,1997,2.81,
Panama,PAN,1998,2.789,
Panama,PAN,1999,2.767,
Panama,PAN,2000,2.744,
Panama,PAN,2001,2.72,
Panama,PAN,2002,2.698,
Panama,PAN,2003,2.679,
Panama,PAN,2004,2.68,
Panama,PAN,2005,2.643,
Panama,PAN,2006,2.62,
Panama,PAN,2007,2.612,
Panama,PAN,2008,2.608,
Panama,PAN,2009,2.593,
Panama,PAN,2010,2.587,
Panama,PAN,2011,2.604,
Panama,PAN,2012,2.591,
Panama,PAN,2013,2.569,
Panama,PAN,2014,2.552,
Panama,PAN,2015,2.53,
Panama,PAN,2016,2.502,
Panama,PAN,2017,2.462,
Panama,PAN,2018,2.402,
Panama,PAN,2019,2.288,
Panama,PAN,2020,2.184,
Panama,PAN,2021,2.152,
Panama,PAN,2022,2.139,
Panama,PAN,2023,2.119,
Panama,PAN,2024,,2.106
Panama,PAN,2025,,2.089
Panama,PAN,2026,,2.073
Panama,PAN,2027,,2.057
Panama,PAN,2028,,2.041
Panama,PAN,2029,,2.023
Panama,PAN,2030,,2.008
Panama,PAN,2031,,1.996
Panama,PAN,2032,,1.986
Panama,PAN,2033,,1.973
Panama,PAN,2034,,1.962
Panama,PAN,2035,,1.953
Panama,PAN,2036,,1.946
Panama,PAN,2037,,1.94
Panama,PAN,2038,,1.932
Panama,PAN,2039,,1.923
Panama,PAN,2040,,1.915
Panama,PAN,2041,,1.908
Panama,PAN,2042,,1.899
Panama,PAN,2043,,1.893
Panama,PAN,2044,,1.887
Panama,PAN,2045,,1.881
Panama,PAN,2046,,1.877
Panama,PAN,2047,,1.869
Panama,PAN,2048,,1.866
Panama,PAN,2049,,1.861
Panama,PAN,2050,,1.855
Panama,PAN,2051,,1.848
Panama,PAN,2052,,1.841
Panama,PAN,2053,,1.837
Panama,PAN,2054,,1.833
Panama,PAN,2055,,1.829
Panama,PAN,2056,,1.827
Panama,PAN,2057,,1.824
Panama,PAN,2058,,1.821
Panama,PAN,2059,,1.818
Panama,PAN,2060,,1.814
Panama,PAN,2061,,1.812
Panama,PAN,2062,,1.808
Panama,PAN,2063,,1.807
Panama,PAN,2064,,1.803
Panama,PAN,2065,,1.799
Panama,PAN,2066,,1.8
Panama,PAN,2067,,1.799
Panama,PAN,2068,,1.796
Panama,PAN,2069,,1.794
Panama,PAN,2070,,1.791
Panama,PAN,2071,,1.788
Panama,PAN,2072,,1.787
Panama,PAN,2073,,1.785
Panama,PAN,2074,,1.78
Panama,PAN,2075,,1.778
Panama,PAN,2076,,1.772
Panama,PAN,2077,,1.771
Panama,PAN,2078,,1.767
Panama,PAN,2079,,1.767
Panama,PAN,2080,,1.765
Panama,PAN,2081,,1.762
Panama,PAN,2082,,1.759
Panama,PAN,2083,,1.757
Panama,PAN,2084,,1.754
Panama,PAN,2085,,1.752
Panama,PAN,2086,,1.751
Panama,PAN,2087,,1.75
Panama,PAN,2088,,1.749
Panama,PAN,2089,,1.747
Panama,PAN,2090,,1.745
Panama,PAN,2091,,1.744
Panama,PAN,2092,,1.743
Panama,PAN,2093,,1.741
Panama,PAN,2094,,1.741
Panama,PAN,2095,,1.741
Panama,PAN,2096,,1.739
Panama,PAN,2097,,1.738
Panama,PAN,2098,,1.736
Panama,PAN,2099,,1.736
Panama,PAN,2100,,1.735
South Korea,KOR,1950,6.063,
South Korea,KOR,1951,6.089,
South Korea,KOR,1952,6.122,
South Korea,KOR,1953,6.171,
South Korea,KOR,1954,6.174,
South Korea,KOR,1955,6.169,
South Korea,KOR,1956,6.175,
South Korea,KOR,1957,6.178,
South Korea,KOR,1958,6.152,
South Korea,KOR,1959,6.096,
South Korea,KOR,1960,5.994,
South Korea,KOR,1961,5.803,
South Korea,KOR,1962,5.562,
South Korea,KOR,1963,5.334,
South Korea,KOR,1964,5.068,
South Korea,KOR,1965,4.887,
South Korea,KOR,1966,4.782,
South Korea,KOR,1967,4.615,
South Korea,KOR,1968,4.51,
South Korea,KOR,1969,4.447,
South Korea,KOR,1970,4.459,
South Korea,KOR,1971,4.259,
South Korea,KOR,1972,4.02,
South Korea,KOR,1973,3.803,
South Korea,KOR,1974,3.555,
South Korea,KOR,1975,3.313,
South Korea,KOR,1976,3.119,
South Korea,KOR,1977,2.954,
South Korea,KOR,1978,2.699,
South Korea,KOR,1979,2.748,
South Korea,KOR,1980,2.734,
South Korea,KOR,1981,2.669,
South Korea,KOR,1982,2.431,
South Korea,KOR,1983,2.102,
South Korea,KOR,1984,1.832,
South Korea,KOR,1985,1.705,
South Korea,KOR,1986,1.623,
South Korea,KOR,1987,1.571,
South Korea,KOR,1988,1.558,
South Korea,KOR,1989,1.564,
South Korea,KOR,1990,1.603,
South Korea,KOR,1991,1.702,
South Korea,KOR,1992,1.738,
South Korea,KOR,1993,1.683,
South Korea,KOR,1994,1.67,
South Korea,KOR,1995,1.646,
South Korea,KOR,1996,1.599,
South Korea,KOR,1997,1.555,
South Korea,KOR,1998,1.497,
South Korea,KOR,1999,1.469,
South Korea,KOR,2000,1.467,
South Korea,KOR,2001,1.342,
South Korea,KOR,2002,1.227,
South Korea,KOR,2003,1.199,
South Korea,KOR,2004,1.164,
South Korea,KOR,2005,1.115,
South Korea,KOR,2006,1.145,
South Korea,KOR,2007,1.215,
South Korea,KOR,2008,1.19,
South Korea,KOR,2009,1.178,
South Korea,KOR,2010,1.226,
South Korea,KOR,2011,1.258,
South Korea,KOR,2012,1.274,
South Korea,KOR,2013,1.206,
South Korea,KOR,2014,1.197,
South Korea,KOR,2015,1.202,
South Korea,KOR,2016,1.14,
South Korea,KOR,2017,1.035,
South Korea,KOR,2018,0.951,
South Korea,KOR,2019,0.881,
South Korea,KOR,2020,0.812,
South Korea,KOR,2021,0.783,
South Korea,KOR,2022,0.78,
South Korea,KOR,2023,0.72,
South Korea,KOR,2024,,0.734
South Korea,KOR,2025,,0.749
South Korea,KOR,2026,,0.762
South Korea,KOR,2027,,0.775
South Korea,KOR,2028,,0.788
South Korea,KOR,2029,,0.8
South Korea,KOR,2030,,0.815
South Korea,KOR,2031,,0.828
South Korea,KOR,2032,,0.839
South Korea,KOR,2033,,0.853
South Korea,KOR,2034,,0.864
South Korea,KOR,2035,,0.876
South Korea,KOR,2036,,0.888
South Korea,KOR,2037,,0.9
South Korea,KOR,2038,,0.91
South Korea,KOR,2039,,0.921
South Korea,KOR,2040,,0.934
South Korea,KOR,2041,,0.945
South Korea,KOR,2042,,0.954
South Korea,KOR,2043,,0.961
South Korea,KOR,2044,,0.969
South Korea,KOR,2045,,0.978
South Korea,KOR,2046,,0.988
South Korea,KOR,2047,,0.997
South Korea,KOR,2048,,1.006
South Korea,KOR,2049,,1.016
South Korea,KOR,2050,,1.026
South Korea,KOR,2051,,1.034
South Korea,KOR,2052,,1.042
South Korea,KOR,2053,,1.05
South Korea,KOR,2054,,1.055
South Korea,KOR,2055,,1.065
South Korea,KOR,2056,,1.071
South Korea,KOR,2057,,1.079
South Korea,KOR,2058,,1.088
South Korea,KOR,2059,,1.093
South Korea,KOR,2060,,1.1
South Korea,KOR,2061,,1.108
South Korea,KOR,2062,,1.113
South Korea,KOR,2063,,1.118
South Korea,KOR,2064,,1.124
South Korea,KOR,2065,,1.129
South Korea,KOR,2066,,1.138
South Korea,KOR,2067,,1.145
South Korea,KOR,2068,,1.152
South Korea,KOR,2069,,1.158
South Korea,KOR,2070,,1.163
South Korea,KOR,2071,,1.167
South Korea,KOR,2072,,1.175
South Korea,KOR,2073,,1.178
South Korea,KOR,2074,,1.186
South Korea,KOR,2075,,1.191
South Korea,KOR,2076,,1.196
South Korea,KOR,2077,,1.201
South Korea,KOR,2078,,1.205
South Korea,KOR,2079,,1.207
South Korea,KOR,2080,,1.212
South Korea,KOR,2081,,1.216
South Korea,KOR,2082,,1.221
South Korea,KOR,2083,,1.227
South Korea,KOR,2084,,1.234
South Korea,KOR,2085,,1.239
South Korea,KOR,2086,,1.244
South Korea,KOR,2087,,1.249
South Korea,KOR,2088,,1.251
South Korea,KOR,2089,,1.254
South Korea,KOR,2090,,1.259
South Korea,KOR,2091,,1.264
South Korea,KOR,2092,,1.268
South Korea,KOR,2093,,1.271
South Korea,KOR,2094,,1.276
South Korea,KOR,2095,,1.28
South Korea,KOR,2096,,1.283
South Korea,KOR,2097,,1.285
South Korea,KOR,2098,,1.287
South Korea,KOR,2099,,1.292
South Korea,KOR,2100,,1.296
United States,USA,1950,3.086,
United States,USA,1951,3.197,
United States,USA,1952,3.29,
United States,USA,1953,3.358,
United States,USA,1954,3.475,
United States,USA,1955,3.515,
United States,USA,1956,3.624,
United States,USA,1957,3.703,
United States,USA,1958,3.754,
United States,USA,1959,3.747,
United States,USA,1960,3.732,
United States,USA,1961,3.691,
United States,USA,1962,3.533,
United States,USA,1963,3.39,
United States,USA,1964,3.258,
United States,USA,1965,2.983,
United States,USA,1966,2.769,
United States,USA,1967,2.605,
United States,USA,1968,2.508,
United States,USA,1969,2.504,
United States,USA,1970,2.515,
United States,USA,1971,2.318,
United States,USA,1972,2.057,
United States,USA,1973,1.921,
United States,USA,1974,1.872,
United States,USA,1975,1.815,
United States,USA,1976,1.785,
United States,USA,1977,1.826,
United States,USA,1978,1.804,
United States,USA,1979,1.843,
United States,USA,1980,1.861,
United States,USA,1981,1.847,
United States,USA,1982,1.855,
United States,USA,1983,1.827,
United States,USA,1984,1.827,
United States,USA,1985,1.854,
United States,USA,1986,1.852,
United States,USA,1987,1.885,
United States,USA,1988,1.942,
United States,USA,1989,2.014,
United States,USA,1990,2.072,
United States,USA,1991,2.059,
United States,USA,1992,2.039,
United States,USA,1993,2.01,
United States,USA,1994,1.988,
United States,USA,1995,1.965,
United States,USA,1996,1.96,
United States,USA,1997,1.956,
United States,USA,1998,1.98,
United States,USA,1999,1.99,
United States,USA,2000,2.03,
United States,USA,2001,2.011,
United States,USA,2002,2.003,
United States,USA,2003,2.025,
United States,USA,2004,2.031,
United States,USA,2005,2.04,
United States,USA,2006,2.087,
United States,USA,2007,2.096,
United States,USA,2008,2.053,
United States,USA,2009,1.987,
United States,USA,2010,1.916,
United States,USA,2011,1.879,
United States,USA,2012,1.862,
United States,USA,2013,1.84,
United States,USA,2014,1.848,
United States,USA,2015,1.832,
United States,USA,2016,1.804,
United States,USA,2017,1.753,
United States,USA,2018,1.715,
United States,USA,2019,1.684,
United States,USA,2020,1.616,
United States,USA,2021,1.634,
United States,USA,2022,1.665,
United States,USA,2023,1.624,
United States,USA,2024,,1.622
United States,USA,2025,,1.623
United States,USA,2026,,1.625
United States,USA,2027,,1.623
United States,USA,2028,,1.625
United States,USA,2029,,1.627
United States,USA,2030,,1.629
United States,USA,2031,,1.63
United States,USA,2032,,1.631
United States,USA,2033,,1.633
United States,USA,2034,,1.631
United States,USA,2035,,1.633
United States,USA,2036,,1.635
United States,USA,2037,,1.634
United States,USA,2038,,1.636
United States,USA,2039,,1.638
United States,USA,2040,,1.639
United States,USA,2041,,1.64
United States,USA,2042,,1.639
United States,USA,2043,,1.64
United States,USA,2044,,1.64
United States,USA,2045,,1.644
United States,USA,2046,,1.643
United States,USA,2047,,1.642
United States,USA,2048,,1.642
United States,USA,2049,,1.641
United States,USA,2050,,1.643
United States,USA,2051,,1.643
United States,USA,2052,,1.642
United States,USA,2053,,1.643
United States,USA,2054,,1.642
United States,USA,2055,,1.642
United States,USA,2056,,1.642
United States,USA,2057,,1.641
United States,USA,2058,,1.64
United States,USA,2059,,1.639
United States,USA,2060,,1.64
United States,USA,2061,,1.639
United States,USA,2062,,1.638
United States,USA,2063,,1.638
United States,USA,2064,,1.638
United States,USA,2065,,1.639
United States,USA,2066,,1.639
United States,USA,2067,,1.64
United States,USA,2068,,1.641
United States,USA,2069,,1.642
United States,USA,2070,,1.643
United States,USA,2071,,1.642
United States,USA,2072,,1.642
United States,USA,2073,,1.64
United States,USA,2074,,1.641
United States,USA,2075,,1.642
United States,USA,2076,,1.643
United States,USA,2077,,1.644
United States,USA,2078,,1.646
United States,USA,2079,,1.646
United States,USA,2080,,1.645
United States,USA,2081,,1.645
United States,USA,2082,,1.645
United States,USA,2083,,1.645
United States,USA,2084,,1.645
United States,USA,2085,,1.646
United States,USA,2086,,1.647
United States,USA,2087,,1.647
United States,USA,2088,,1.647
United States,USA,2089,,1.649
United States,USA,2090,,1.65
United States,USA,2091,,1.649
United States,USA,2092,,1.65
United States,USA,2093,,1.649
United States,USA,2094,,1.649
United States,USA,2095,,1.65
United States,USA,2096,,1.649
United States,USA,2097,,1.651
United States,USA,2098,,1.649
United States,USA,2099,,1.649
United States,USA,2100,,1.647
Venezuela,VEN,1950,6.635,
Venezuela,VEN,1951,6.619,
Venezuela,VEN,1952,6.612,
Venezuela,VEN,1953,6.607,
Venezuela,VEN,1954,6.602,
Venezuela,VEN,1955,6.599,
Venezuela,VEN,1956,6.596,
Venezuela,VEN,1957,6.588,
Venezuela,VEN,1958,6.567,
Venezuela,VEN,1959,6.446,
Venezuela,VEN,1960,6.382,
Venezuela,VEN,1961,6.298,
Venezuela,VEN,1962,6.231,
Venezuela,VEN,1963,6.155,
Venezuela,VEN,1964,6.071,
Venezuela,VEN,1965,5.977,
Venezuela,VEN,1966,5.87,
Venezuela,VEN,1967,5.748,
Venezuela,VEN,1968,5.614,
Venezuela,VEN,1969,5.469,
Venezuela,VEN,1970,5.321,
Venezuela,VEN,1971,5.174,
Venezuela,VEN,1972,5.035,
Venezuela,VEN,1973,4.906,
Venezuela,VEN,1974,4.791,
Venezuela,VEN,1975,4.686,
Venezuela,VEN,1976,4.589,
Venezuela,VEN,1977,4.494,
Venezuela,VEN,1978,4.397,
Venezuela,VEN,1979,4.298,
Venezuela,VEN,1980,4.2,
Venezuela,VEN,1981,4.104,
Venezuela,VEN,1982,4.014,
Venezuela,VEN,1983,3.933,
Venezuela,VEN,1984,3.861,
Venezuela,VEN,1985,3.794,
Venezuela,VEN,1986,3.73,
Venezuela,VEN,1987,3.665,
Venezuela,VEN,1988,3.597,
Venezuela,VEN,1989,3.524,
Venezuela,VEN,1990,3.448,
Venezuela,VEN,1991,3.37,
Venezuela,VEN,1992,3.292,
Venezuela,VEN,1993,3.218,
Venezuela,VEN,1994,3.147,
Venezuela,VEN,1995,3.082,
Venezuela,VEN,1996,3.022,
Venezuela,VEN,1997,2.967,
Venezuela,VEN,1998,2.912,
Venezuela,VEN,1999,2.856,
Venezuela,VEN,2000,2.79,
Venezuela,VEN,2001,2.779,
Venezuela,VEN,2002,2.739,
Venezuela,VEN,2003,2.703,
Venezuela,VEN,2004,2.639,
Venezuela,VEN,2005,2.629,
Venezuela,VEN,2006,2.595,
Venezuela,VEN,2007,2.524,
Venezuela,VEN,2008,2.475,
Venezuela,VEN,2009,2.422,
Venezuela,VEN,2010,2.396,
Venezuela,VEN,2011,2.398,
Venezuela,VEN,2012,2.379,
Venezuela,VEN,2013,2.334,
Venezuela,VEN,2014,2.296,
Venezuela,VEN,2015,2.253,
Venezuela,VEN,2016,2.217,
Venezuela,VEN,2017,2.183,
Venezuela,VEN,2018,2.151,
Venezuela,VEN,2019,2.131,
Venezuela,VEN,2020,2.116,
Venezuela,VEN,2021,2.105,
Venezuela,VEN,2022,2.088,
Venezuela,VEN,2023,2.079,
Venezuela,VEN,2024,,2.077
Venezuela,VEN,2025,,2.06
Venezuela,VEN,2026,,2.042
Venezuela,VEN,2027,,2.028
Venezuela,VEN,2028,,2.012
Venezuela,VEN,2029,,1.998
Venezuela,VEN,2030,,1.985
Venezuela,VEN,2031,,1.978
Venezuela,VEN,2032,,1.968
Venezuela,VEN,2033,,1.956
Venezuela,VEN,2034,,1.947
Venezuela,VEN,2035,,1.938
Venezuela,VEN,2036,,1.927
Venezuela,VEN,2037,,1.919
Venezuela,VEN,2038,,1.912
Venezuela,VEN,2039,,1.906
Venezuela,VEN,2040,,1.899
Venezuela,VEN,2041,,1.891
Venezuela,VEN,2042,,1.881
Venezuela,VEN,2043,,1.872
Venezuela,VEN,2044,,1.862
Venezuela,VEN,2045,,1.856
Venezuela,VEN,2046,,1.849
Venezuela,VEN,2047,,1.843
Venezuela,VEN,2048,,1.838
Venezuela,VEN,2049,,1.832
Venezuela,VEN,2050,,1.826
Venezuela,VEN,2051,,1.823
Venezuela,VEN,2052,,1.818
Venezuela,VEN,2053,,1.814
Venezuela,VEN,2054,,1.809
Venezuela,VEN,2055,,1.807
Venezuela,VEN,2056,,1.802
Venezuela,VEN,2057,,1.798
Venezuela,VEN,2058,,1.795
Venezuela,VEN,2059,,1.791
Venezuela,VEN,2060,,1.788
Venezuela,VEN,2061,,1.784
Venezuela,VEN,2062,,1.781
Venezuela,VEN,2063,,1.779
Venezuela,VEN,2064,,1.775
Venezuela,VEN,2065,,1.772
Venezuela,VEN,2066,,1.77
Venezuela,VEN,2067,,1.769
Venezuela,VEN,2068,,1.768
Venezuela,VEN,2069,,1.766
Venezuela,VEN,2070,,1.764
Venezuela,VEN,2071,,1.76
Venezuela,VEN,2072,,1.759
Venezuela,VEN,2073,,1.756
Venezuela,VEN,2074,,1.754
Venezuela,VEN,2075,,1.752
Venezuela,VEN,2076,,1.751
Venezuela,VEN,2077,,1.747
Venezuela,VEN,2078,,1.745
Venezuela,VEN,2079,,1.743
Venezuela,VEN,2080,,1.74
Venezuela,VEN,2081,,1.739
Venezuela,VEN,2082,,1.738
Venezuela,VEN,2083,,1.735
Venezuela,VEN,2084,,1.733
Venezuela,VEN,2085,,1.736
Venezuela,VEN,2086,,1.735
Venezuela,VEN,2087,,1.733
Venezuela,VEN,2088,,1.733
Venezuela,VEN,2089,,1.732
Venezuela,VEN,2090,,1.731
Venezuela,VEN,2091,,1.731
Venezuela,VEN,2092,,1.729
Venezuela,VEN,2093,,1.727
Venezuela,VEN,2094,,1.726
Venezuela,VEN,2095,,1.724
Venezuela,VEN,2096,,1.722
Venezuela,VEN,2097,,1.722
Venezuela,VEN,2098,,1.721
Venezuela,VEN,2099,,1.721
Venezuela,VEN,2100,,1.717
World,OWID_WRL,1950,4.852,
World,OWID_WRL,1951,4.816,
World,OWID_WRL,1952,5.001,
World,OWID_WRL,1953,4.922,
World,OWID_WRL,1954,4.998,
World,OWID_WRL,1955,5.003,
World,OWID_WRL,1956,4.931,
World,OWID_WRL,1957,5.068,
World,OWID_WRL,1958,4.932,
World,OWID_WRL,1959,4.74,
World,OWID_WRL,1960,4.696,
World,OWID_WRL,1961,4.571,
World,OWID_WRL,1962,5.022,
World,OWID_WRL,1963,5.308,
World,OWID_WRL,1964,5.123,
World,OWID_WRL,1965,5.071,
World,OWID_WRL,1966,4.961,
World,OWID_WRL,1967,4.852,
World,OWID_WRL,1968,4.963,
World,OWID_WRL,1969,4.866,
World,OWID_WRL,1970,4.825,
World,OWID_WRL,1971,4.679,
World,OWID_WRL,1972,4.545,
World,OWID_WRL,1973,4.416,
World,OWID_WRL,1974,4.259,
World,OWID_WRL,1975,4.08,
World,OWID_WRL,1976,3.974,
World,OWID_WRL,1977,3.85,
World,OWID_WRL,1978,3.787,
World,OWID_WRL,1979,3.771,
World,OWID_WRL,1980,3.744,
World,OWID_WRL,1981,3.711,
World,OWID_WRL,1982,3.712,
World,OWID_WRL,1983,3.581,
World,OWID_WRL,1984,3.553,
World,OWID_WRL,1985,3.515,
World,OWID_WRL,1986,3.504,
World,OWID_WRL,1987,3.476,
World,OWID_WRL,1988,3.39,
World,OWID_WRL,1989,3.347,
World,OWID_WRL,1990,3.31,
World,OWID_WRL,1991,3.131,
World,OWID_WRL,1992,3.044,
World,OWID_WRL,1993,2.98,
World,OWID_WRL,1994,2.933,
World,OWID_WRL,1995,2.889,
World,OWID_WRL,1996,2.846,
World,OWID_WRL,1997,2.809,
World,OWID_WRL,1998,2.776,
World,OWID_WRL,1999,2.75,
World,OWID_WRL,2000,2.754,
World,OWID_WRL,2001,2.714,
World,OWID_WRL,2002,2.684,
World,OWID_WRL,2003,2.659,
World,OWID_WRL,2004,2.647,
World,OWID_WRL,2005,2.63,
World,OWID_WRL,2006,2.625,
World,OWID_WRL,2007,2.623,
World,OWID_WRL,2008,2.626,
World,OWID_WRL,2009,2.621,
World,OWID_WRL,2010,2.602,
World,OWID_WRL,2011,2.588,
World,OWID_WRL,2012,2.607,
World,OWID_WRL,2013,2.572,
World,OWID_WRL,2014,2.564,
World,OWID_WRL,2015,2.537,
World,OWID_WRL,2016,2.536,
World,OWID_WRL,2017,2.504,
World,OWID_WRL,2018,2.437,
World,OWID_WRL,2019,2.397,
World,OWID_WRL,2020,2.322,
World,OWID_WRL,2021,2.291,
World,OWID_WRL,2022,2.265,
World,OWID_WRL,2023,2.251,
World,OWID_WRL,2024,,2.248
World,OWID_WRL,2025,,2.239
World,OWID_WRL,2026,,2.23
World,OWID_WRL,2027,,2.221
World,OWID_WRL,2028,,2.213
World,OWID_WRL,2029,,2.204
World,OWID_WRL,2030,,2.196
World,OWID_WRL,2031,,2.187
World,OWID_WRL,2032,,2.178
World,OWID_WRL,2033,,2.169
World,OWID_WRL,2034,,2.161
World,OWID_WRL,2035,,2.153
World,OWID_WRL,2036,,2.146
World,OWID_WRL,2037,,2.139
World,OWID_WRL,2038,,2.134
World,OWID_WRL,2039,,2.129
World,OWID_WRL,2040,,2.127
World,OWID_WRL,2041,,2.123
World,OWID_WRL,2042,,2.121
World,OWID_WRL,2043,,2.12
World,OWID_WRL,2044,,2.118
World,OWID_WRL,2045,,2.116
World,OWID_WRL,2046,,2.113
World,OWID_WRL,2047,,2.109
World,OWID_WRL,2048,,2.106
World,OWID_WRL,2049,,2.101
World,OWID_WRL,2050,,2.097
World,OWID_WRL,2051,,2.091
World,OWID_WRL,2052,,2.085
World,OWID_WRL,2053,,2.079
World,OWID_WRL,2054,,2.072
World,OWID_WRL,2055,,2.065
World,OWID_WRL,2056,,2.058
World,OWID_WRL,2057,,2.051
World,OWID_WRL,2058,,2.044
World,OWID_WRL,2059,,2.037
World,OWID_WRL,2060,,2.03
World,OWID_WRL,2061,,2.022
World,OWID_WRL,2062,,2.016
World,OWID_WRL,2063,,2.009
World,OWID_WRL,2064,,2.002
World,OWID_WRL,2065,,1.996
World,OWID_WRL,2066,,1.99
World,OWID_WRL,2067,,1.984
World,OWID_WRL,2068,,1.978
World,OWID_WRL,2069,,1.972
World,OWID_WRL,2070,,1.967
World,OWID_WRL,2071,,1.962
World,OWID_WRL,2072,,1.957
World,OWID_WRL,2073,,1.952
World,OWID_WRL,2074,,1.947
World,OWID_WRL,2075,,1.943
World,OWID_WRL,2076,,1.939
World,OWID_WRL,2077,,1.935
World,OWID_WRL,2078,,1.93
World,OWID_WRL,2079,,1.926
World,OWID_WRL,2080,,1.922
World,OWID_WRL,2081,,1.917
World,OWID_WRL,2082,,1.914
World,OWID_WRL,2083,,1.909
World,OWID_WRL,2084,,1.905
World,OWID_WRL,2085,,1.901
World,OWID_WRL,2086,,1.896
World,OWID_WRL,2087,,1.892
World,OWID_WRL,2088,,1.888
World,OWID_WRL,2089,,1.883
World,OWID_WRL,2090,,1.879
World,OWID_WRL,2091,,1.874
World,OWID_WRL,2092,,1.87
World,OWID_WRL,2093,,1.866
World,OWID_WRL,2094,,1.861
World,OWID_WRL,2095,,1.857
World,OWID_WRL,2096,,1.853
World,OWID_WRL,2097,,1.849
World,OWID_WRL,2098,,1.845
World,OWID_WRL,2099,,1.842
World,OWID_WRL,2100,,1.838
