Entity,Code,Year,Observation value - Indicator: Infant mortality rate - Sex: Total - Wealth quintile: Total - Unit of measure: Deaths per 100 live births
Bangladesh,BGD,1950,23.342693
Bangladesh,BGD,1951,22.635775
Bangladesh,BGD,1952,21.964943
Bangladesh,BGD,1953,21.306301
Bangladesh,BGD,1954,20.684288
Bangladesh,BGD,1955,20.06906
Bangladesh,BGD,1956,19.500477
Bangladesh,BGD,1957,18.959303
Bangladesh,BGD,1958,18.4495
Bangladesh,BGD,1959,17.967253
Bangladesh,BGD,1960,17.511889
Bangladesh,BGD,1961,17.081934
Bangladesh,BGD,1962,16.684986
Bangladesh,BGD,1963,16.334036
Bangladesh,BGD,1964,16.029129
Bangladesh,BGD,1965,15.768732
Bangladesh,BGD,1966,15.561986
Bangladesh,BGD,1967,15.400693
Bangladesh,BGD,1968,15.29793
Bangladesh,BGD,1969,15.23427
Bangladesh,BGD,1970,16.870953
Bangladesh,BGD,1971,20.910267
Bangladesh,BGD,1972,15.174543
Bangladesh,BGD,1973,15.137976
Bangladesh,BGD,1974,15.068873
Bangladesh,BGD,1975,14.949539
Bangladesh,BGD,1976,14.7979
Bangladesh,BGD,1977,14.598521
Bangladesh,BGD,1978,14.36026
Bangladesh,BGD,1979,14.086424
Bangladesh,BGD,1980,13.789642
Bangladesh,BGD,1981,13.472392
Bangladesh,BGD,1982,13.139923
Bangladesh,BGD,1983,12.7883005
Bangladesh,BGD,1984,12.423361
Bangladesh,BGD,1985,12.0409155
Bangladesh,BGD,1986,11.662615
Bangladesh,BGD,1987,11.275377
Bangladesh,BGD,1988,10.885935
Bangladesh,BGD,1989,10.49698
Bangladesh,BGD,1990,10.105052
Bangladesh,BGD,1991,9.710617
Bangladesh,BGD,1992,9.313297
Bangladesh,BGD,1993,8.916536
Bangladesh,BGD,1994,8.521731
Bangladesh,BGD,1995,8.131104
Bangladesh,BGD,1996,7.7442627
Bangladesh,BGD,1997,7.3630853
Bangladesh,BGD,1998,6.9913406
Bangladesh,BGD,1999,6.6403074
Bangladesh,BGD,2000,6.303878
Bangladesh,BGD,2001,5.9891005
Bangladesh,BGD,2002,5.6970015
Bangladesh,BGD,2003,5.4252524
Bangladesh,BGD,2004,5.1708517
Bangladesh,BGD,2005,4.9297028
Bangladesh,BGD,2006,4.6971965
Bangladesh,BGD,2007,4.4756536
Bangladesh,BGD,2008,4.2657814
Bangladesh,BGD,2009,4.070314
Bangladesh,BGD,2010,3.888126
Bangladesh,BGD,2011,3.718272
Bangladesh,BGD,2012,3.560538
Bangladesh,BGD,2013,3.4114468
Bangladesh,BGD,2014,3.2717373
Bangladesh,BGD,2015,3.1371932
Bangladesh,BGD,2016,3.009588
Bangladesh,BGD,2017,2.8891807
Bangladesh,BGD,2018,2.7750688
Bangladesh,BGD,2019,2.6699767
Bangladesh,BGD,2020,2.5749984
Bangladesh,BGD,2021,2.4879305
Bangladesh,BGD,2022,2.4068456
Chile,CHL,1954,12.170591
Chile,CHL,1955,12.185001
Chile,CHL,1956,12.274015
Chile,CHL,1957,12.46747
Chile,CHL,1958,12.673253
Chile,CHL,1959,12.733614
Chile,CHL,1960,12.557756
Chile,CHL,1961,12.218882
Chile,CHL,1962,11.791
Chile,CHL,1963,11.234499
Chile,CHL,1964,10.465098
Chile,CHL,1965,9.520451
Chile,CHL,1966,8.582433
Chile,CHL,1967,7.7896585
Chile,CHL,1968,7.196672
Chile,CHL,1969,6.818999
Chile,CHL,1970,6.639099
Chile,CHL,1971,6.5557375
Chile,CHL,1972,6.4679847
Chile,CHL,1973,6.2849026
Chile,CHL,1974,5.91998
Chile,CHL,1975,5.3658247
Chile,CHL,1976,4.721153
Chile,CHL,1977,4.078561
Chile,CHL,1978,3.51503
Chile,CHL,1979,3.0796604
Chile,CHL,1980,2.7638402
Chile,CHL,1981,2.5060678
Chile,CHL,1982,2.2689238
Chile,CHL,1983,2.0694332
Chile,CHL,1984,1.9417269
Chile,CHL,1985,1.8887545
Chile,CHL,1986,1.8697903
Chile,CHL,1987,1.8459402
Chile,CHL,1988,1.7986215
Chile,CHL,1989,1.7201033
Chile,CHL,1990,1.6119621
Chile,CHL,1991,1.4917287
Chile,CHL,1992,1.3739002
Chile,CHL,1993,1.2678722
Chile,CHL,1994,1.179676
Chile,CHL,1995,1.111707
Chile,CHL,1996,1.064388
Chile,CHL,1997,1.035424
Chile,CHL,1998,1.0127571
Chile,CHL,1999,0.9780921
Chile,CHL,2000,0.92649764
Chile,CHL,2001,0.87444574
Chile,CHL,2002,0.83585894
Chile,CHL,2003,0.8102864
Chile,CHL,2004,0.79158443
Chile,CHL,2005,0.77636796
Chile,CHL,2006,0.7656661
Chile,CHL,2007,0.7612358
Chile,CHL,2008,0.7597372
Chile,CHL,2009,0.7552949
Chile,CHL,2010,0.7451503
Chile,CHL,2011,0.73257816
Chile,CHL,2012,0.71990955
Chile,CHL,2013,0.70810074
Chile,CHL,2014,0.6964227
Chile,CHL,2015,0.6840896
Chile,CHL,2016,0.6706506
Chile,CHL,2017,0.6551528
Chile,CHL,2018,0.6372338
Chile,CHL,2019,0.6160203
Chile,CHL,2020,0.5912036
Chile,CHL,2021,0.5665692
Chile,CHL,2022,0.5428744
Ethiopia,ETH,1966,16.371342
Ethiopia,ETH,1967,14.669621
Ethiopia,ETH,1968,14.64797
Ethiopia,ETH,1969,14.634906
Ethiopia,ETH,1970,14.614685
Ethiopia,ETH,1971,14.600352
Ethiopia,ETH,1972,14.564176
Ethiopia,ETH,1973,14.556551
Ethiopia,ETH,1974,14.546646
Ethiopia,ETH,1975,14.532048
Ethiopia,ETH,1976,14.513522
Ethiopia,ETH,1977,14.487124
Ethiopia,ETH,1978,14.42717
Ethiopia,ETH,1979,14.352117
Ethiopia,ETH,1980,14.241778
Ethiopia,ETH,1981,14.090993
Ethiopia,ETH,1982,13.902982
Ethiopia,ETH,1983,13.675371
Ethiopia,ETH,1984,13.428309
Ethiopia,ETH,1985,13.180862
Ethiopia,ETH,1986,12.961614
Ethiopia,ETH,1987,12.739168
Ethiopia,ETH,1988,12.516712
Ethiopia,ETH,1989,12.291332
Ethiopia,ETH,1990,12.045295
Ethiopia,ETH,1991,11.77426
Ethiopia,ETH,1992,11.479715
Ethiopia,ETH,1993,11.154449
Ethiopia,ETH,1994,10.808251
Ethiopia,ETH,1995,10.458259
Ethiopia,ETH,1996,10.102051
Ethiopia,ETH,1997,9.752387
Ethiopia,ETH,1998,9.411608
Ethiopia,ETH,1999,9.077277
Ethiopia,ETH,2000,8.742111
Ethiopia,ETH,2001,8.400673
Ethiopia,ETH,2002,8.052116
Ethiopia,ETH,2003,7.6966524
Ethiopia,ETH,2004,7.3371134
Ethiopia,ETH,2005,6.983603
Ethiopia,ETH,2006,6.637993
Ethiopia,ETH,2007,6.313633
Ethiopia,ETH,2008,6.008213
Ethiopia,ETH,2009,5.724248
Ethiopia,ETH,2010,5.458041
Ethiopia,ETH,2011,5.2085123
Ethiopia,ETH,2012,4.9742413
Ethiopia,ETH,2013,4.754553
Ethiopia,ETH,2014,4.551229
Ethiopia,ETH,2015,4.361288
Ethiopia,ETH,2016,4.180276
Ethiopia,ETH,2017,4.013103
Ethiopia,ETH,2018,3.862875
Ethiopia,ETH,2019,3.731954
Ethiopia,ETH,2020,3.607886
Ethiopia,ETH,2021,3.4964783
Ethiopia,ETH,2022,3.393167
Iran,IRN,1971,12.7049885
Iran,IRN,1972,12.138467
Iran,IRN,1973,11.6071205
Iran,IRN,1974,11.091344
Iran,IRN,1975,10.557539
Iran,IRN,1976,10.012713
Iran,IRN,1977,9.429889
Iran,IRN,1978,8.846588
Iran,IRN,1979,8.272963
Iran,IRN,1980,7.722955
Iran,IRN,1981,7.208857
Iran,IRN,1982,6.7537947
Iran,IRN,1983,6.350665
Iran,IRN,1984,5.99823
Iran,IRN,1985,5.692014
Iran,IRN,1986,5.4178743
Iran,IRN,1987,5.16129
Iran,IRN,1988,4.9159613
Iran,IRN,1989,4.6857033
Iran,IRN,1990,4.47295
Iran,IRN,1991,4.2798195
Iran,IRN,1992,4.1072245
Iran,IRN,1993,3.9541676
Iran,IRN,1994,3.811451
Iran,IRN,1995,3.6766696
Iran,IRN,1996,3.5421078
Iran,IRN,1997,3.406735
Iran,IRN,1998,3.2683213
Iran,IRN,1999,3.1241722
Iran,IRN,2000,2.9781623
Iran,IRN,2001,2.8322651
Iran,IRN,2002,2.6796288
Iran,IRN,2003,2.526524
Iran,IRN,2004,2.3745253
Iran,IRN,2005,2.2327294
Iran,IRN,2006,2.0966825
Iran,IRN,2007,1.970145
Iran,IRN,2008,1.8531595
Iran,IRN,2009,1.746451
Iran,IRN,2010,1.6524191
Iran,IRN,2011,1.5728787
Iran,IRN,2012,1.5017495
Iran,IRN,2013,1.4402653
Iran,IRN,2014,1.3831812
Iran,IRN,2015,1.3300169
Iran,IRN,2016,1.2780805
Iran,IRN,2017,1.2319745
Iran,IRN,2018,1.1924026
Iran,IRN,2019,1.1507287
Iran,IRN,2020,1.1096884
Iran,IRN,2021,1.0708597
Iran,IRN,2022,1.0346644
Latvia,LVA,1979,1.5319066
Latvia,LVA,1980,1.5310646
Latvia,LVA,1981,1.5282195
Latvia,LVA,1982,1.5142051
Latvia,LVA,1983,1.4742309
Latvia,LVA,1984,1.4067497
Latvia,LVA,1985,1.3239496
Latvia,LVA,1986,1.2429018
Latvia,LVA,1987,1.1848186
Latvia,LVA,1988,1.1772122
Latvia,LVA,1989,1.2299721
Latvia,LVA,1990,1.3204782
Latvia,LVA,1991,1.4211528
Latvia,LVA,1992,1.5100436
Latvia,LVA,1993,1.5695058
Latvia,LVA,1994,1.5863521
Latvia,LVA,1995,1.5645258
Latvia,LVA,1996,1.5115379
Latvia,LVA,1997,1.4342686
Latvia,LVA,1998,1.3390305
Latvia,LVA,1999,1.2377981
Latvia,LVA,2000,1.1476555
Latvia,LVA,2001,1.0787636
Latvia,LVA,2002,1.0250844
Latvia,LVA,2003,0.9716978
Latvia,LVA,2004,0.9140959
Latvia,LVA,2005,0.8590559
Latvia,LVA,2006,0.8119438
Latvia,LVA,2007,0.77118987
Latvia,LVA,2008,0.731919
Latvia,LVA,2009,0.6914061
Latvia,LVA,2010,0.6482582
Latvia,LVA,2011,0.6017464
Latvia,LVA,2012,0.55372655
Latvia,LVA,2013,0.50791967
Latvia,LVA,2014,0.46524096
Latvia,LVA,2015,0.4286531
Latvia,LVA,2016,0.40045768
Latvia,LVA,2017,0.3776621
Latvia,LVA,2018,0.35763982
Latvia,LVA,2019,0.3382433
Latvia,LVA,2020,0.31823078
Latvia,LVA,2021,0.2969316
Latvia,LVA,2022,0.27569625
Namibia,NAM,1967,6.2250233
Namibia,NAM,1968,6.2460303
Namibia,NAM,1969,6.26465
Namibia,NAM,1970,6.271885
Namibia,NAM,1971,6.2971716
Namibia,NAM,1972,6.326312
Namibia,NAM,1973,6.3599024
Namibia,NAM,1974,6.4040833
Namibia,NAM,1975,6.45429
Namibia,NAM,1976,6.5000396
Namibia,NAM,1977,6.539921
Namibia,NAM,1978,6.567916
Namibia,NAM,1979,6.5679803
Namibia,NAM,1980,6.5349402
Namibia,NAM,1981,6.4471765
Namibia,NAM,1982,6.3199043
Namibia,NAM,1983,6.158076
Namibia,NAM,1984,5.964566
Namibia,NAM,1985,5.760145
Namibia,NAM,1986,5.5552998
Namibia,NAM,1987,5.3684645
Namibia,NAM,1988,5.203379
Namibia,NAM,1989,5.0571203
Namibia,NAM,1990,4.9139624
Namibia,NAM,1991,4.8095737
Namibia,NAM,1992,4.737218
Namibia,NAM,1993,4.7033005
Namibia,NAM,1994,4.7043815
Namibia,NAM,1995,4.749477
Namibia,NAM,1996,4.7956314
Namibia,NAM,1997,4.7899613
Namibia,NAM,1998,4.725971
Namibia,NAM,1999,4.6268077
Namibia,NAM,2000,4.5299835
Namibia,NAM,2001,4.4431987
Namibia,NAM,2002,4.35996
Namibia,NAM,2003,4.3096557
Namibia,NAM,2004,4.2397776
Namibia,NAM,2005,3.9204774
Namibia,NAM,2006,3.7448552
Namibia,NAM,2007,3.7835357
Namibia,NAM,2008,3.780756
Namibia,NAM,2009,3.8760037
Namibia,NAM,2010,3.6923091
Namibia,NAM,2011,3.7114987
Namibia,NAM,2012,3.8229496
Namibia,NAM,2013,3.594356
Namibia,NAM,2014,3.3360467
Namibia,NAM,2015,3.3098464
Namibia,NAM,2016,3.249744
Namibia,NAM,2017,3.172883
Namibia,NAM,2018,3.117231
Namibia,NAM,2019,3.0538638
Namibia,NAM,2020,2.9855402
Namibia,NAM,2021,2.9297054
Namibia,NAM,2022,2.8620448
Nauru,NRU,1985,6.2916474
Nauru,NRU,1986,6.036975
Nauru,NRU,1987,5.791486
Nauru,NRU,1988,5.5472775
Nauru,NRU,1989,5.3198104
Nauru,NRU,1990,5.1006894
Nauru,NRU,1991,4.887139
Nauru,NRU,1992,4.6800056
Nauru,NRU,1993,4.4754534
Nauru,NRU,1994,4.284471
Nauru,NRU,1995,4.108754
Nauru,NRU,1996,3.9454837
Nauru,NRU,1997,3.798778
Nauru,NRU,1998,3.664271
Nauru,NRU,1999,3.5392697
Nauru,NRU,2000,3.428492
Nauru,NRU,2001,3.334235
Nauru,NRU,2002,3.2549279
Nauru,NRU,2003,3.1940627
Nauru,NRU,2004,3.1506848
Nauru,NRU,2005,3.1260514
Nauru,NRU,2006,3.1146903
Nauru,NRU,2007,3.1134276
Nauru,NRU,2008,3.1122134
Nauru,NRU,2009,3.0934577
Nauru,NRU,2010,3.0622268
Nauru,NRU,2011,3.0095491
Nauru,NRU,2012,2.9516993
Nauru,NRU,2013,2.881227
Nauru,NRU,2014,2.8097043
Nauru,NRU,2015,2.737335
Nauru,NRU,2016,2.6665998
Nauru,NRU,2017,2.59345
Nauru,NRU,2018,2.5124679
Nauru,NRU,2019,2.440481
Nauru,NRU,2020,2.367643
Nauru,NRU,2021,2.2949212
Nauru,NRU,2022,2.229877
New Zealand,NZL,1949,2.911297
New Zealand,NZL,1950,2.853282
New Zealand,NZL,1951,2.7933354
New Zealand,NZL,1952,2.7270756
New Zealand,NZL,1953,2.6569743
New Zealand,NZL,1954,2.586761
New Zealand,NZL,1955,2.5248084
New Zealand,NZL,1956,2.473071
New Zealand,NZL,1957,2.426614
New Zealand,NZL,1958,2.3788612
New Zealand,NZL,1959,2.3231359
New Zealand,NZL,1960,2.2540267
New Zealand,NZL,1961,2.1720402
New Zealand,NZL,1962,2.0866826
New Zealand,NZL,1963,2.004964
New Zealand,NZL,1964,1.9324099
New Zealand,NZL,1965,1.8725544
New Zealand,NZL,1966,1.8263581
New Zealand,NZL,1967,1.7891815
New Zealand,NZL,1968,1.7553635
New Zealand,NZL,1969,1.7230425
New Zealand,NZL,1970,1.6895504
New Zealand,NZL,1971,1.6536583
New Zealand,NZL,1972,1.6160424
New Zealand,NZL,1973,1.5774362
New Zealand,NZL,1974,1.5369114
New Zealand,NZL,1975,1.4930863
New Zealand,NZL,1976,1.446543
New Zealand,NZL,1977,1.3992779
New Zealand,NZL,1978,1.3540053
New Zealand,NZL,1979,1.3121479
New Zealand,NZL,1980,1.2752512
New Zealand,NZL,1981,1.2432048
New Zealand,NZL,1982,1.2137291
New Zealand,NZL,1983,1.186668
New Zealand,NZL,1984,1.1589963
New Zealand,NZL,1985,1.12953
New Zealand,NZL,1986,1.0971516
New Zealand,NZL,1987,1.0592278
New Zealand,NZL,1988,1.0151517
New Zealand,NZL,1989,0.9665804
New Zealand,NZL,1990,0.9161398
New Zealand,NZL,1991,0.8672967
New Zealand,NZL,1992,0.82196474
New Zealand,NZL,1993,0.7823583
New Zealand,NZL,1994,0.74831045
New Zealand,NZL,1995,0.7183064
New Zealand,NZL,1996,0.6913599
New Zealand,NZL,1997,0.6671168
New Zealand,NZL,1998,0.6454216
New Zealand,NZL,1999,0.6260904
New Zealand,NZL,2000,0.60918677
New Zealand,NZL,2001,0.5940382
New Zealand,NZL,2002,0.58072746
New Zealand,NZL,2003,0.56853056
New Zealand,NZL,2004,0.5576994
New Zealand,NZL,2005,0.54841673
New Zealand,NZL,2006,0.54096586
New Zealand,NZL,2007,0.53477156
New Zealand,NZL,2008,0.5292324
New Zealand,NZL,2009,0.5233901
New Zealand,NZL,2010,0.5163683
New Zealand,NZL,2011,0.50768936
New Zealand,NZL,2012,0.49690938
New Zealand,NZL,2013,0.48478088
New Zealand,NZL,2014,0.4715796
New Zealand,NZL,2015,0.45801482
New Zealand,NZL,2016,0.44464773
New Zealand,NZL,2017,0.43202186
New Zealand,NZL,2018,0.42087355
New Zealand,NZL,2019,0.411244
New Zealand,NZL,2020,0.40227312
New Zealand,NZL,2021,0.394405
New Zealand,NZL,2022,0.38607663
Nicaragua,NIC,1955,13.937826
Nicaragua,NIC,1956,13.8188505
Nicaragua,NIC,1957,13.69344
Nicaragua,NIC,1958,13.545873
Nicaragua,NIC,1959,13.425464
Nicaragua,NIC,1960,13.28495
Nicaragua,NIC,1961,13.158127
Nicaragua,NIC,1962,13.033358
Nicaragua,NIC,1963,12.901863
Nicaragua,NIC,1964,12.7606735
Nicaragua,NIC,1965,12.600087
Nicaragua,NIC,1966,12.437948
Nicaragua,NIC,1967,12.259228
Nicaragua,NIC,1968,12.057697
Nicaragua,NIC,1969,11.845501
Nicaragua,NIC,1970,11.618292
Nicaragua,NIC,1971,11.358973
Nicaragua,NIC,1972,12.078611
Nicaragua,NIC,1973,10.741671
Nicaragua,NIC,1974,10.367213
Nicaragua,NIC,1975,9.961035
Nicaragua,NIC,1976,9.518995
Nicaragua,NIC,1977,9.057739
Nicaragua,NIC,1978,8.590075
Nicaragua,NIC,1979,8.142168
Nicaragua,NIC,1980,7.707598
Nicaragua,NIC,1981,7.2989693
Nicaragua,NIC,1982,6.930463
Nicaragua,NIC,1983,6.604017
Nicaragua,NIC,1984,6.316621
Nicaragua,NIC,1985,6.0642366
Nicaragua,NIC,1986,5.8429193
Nicaragua,NIC,1987,5.6403074
Nicaragua,NIC,1988,5.449622
Nicaragua,NIC,1989,5.26147
Nicaragua,NIC,1990,5.0656404
Nicaragua,NIC,1991,4.865363
Nicaragua,NIC,1992,4.653116
Nicaragua,NIC,1993,4.4397106
Nicaragua,NIC,1994,4.2292476
Nicaragua,NIC,1995,4.0237746
Nicaragua,NIC,1996,3.8243072
Nicaragua,NIC,1997,3.6354592
Nicaragua,NIC,1998,3.7254474
Nicaragua,NIC,1999,3.2808533
Nicaragua,NIC,2000,3.120251
Nicaragua,NIC,2001,2.9704566
Nicaragua,NIC,2002,2.8327742
Nicaragua,NIC,2003,2.700733
Nicaragua,NIC,2004,2.578649
Nicaragua,NIC,2005,2.465755
Nicaragua,NIC,2006,2.3575366
Nicaragua,NIC,2007,2.2580137
Nicaragua,NIC,2008,2.16453
Nicaragua,NIC,2009,2.0781627
Nicaragua,NIC,2010,1.9959993
Nicaragua,NIC,2011,1.9213604
Nicaragua,NIC,2012,1.8480413
Nicaragua,NIC,2013,1.7785667
Nicaragua,NIC,2014,1.713796
Nicaragua,NIC,2015,1.653401
Nicaragua,NIC,2016,1.5964866
Nicaragua,NIC,2017,1.5435627
Nicaragua,NIC,2018,1.493021
Nicaragua,NIC,2019,1.4448202
Nicaragua,NIC,2020,1.3983119
Nicaragua,NIC,2021,1.3525021
Nicaragua,NIC,2022,1.3083634
Niger,NER,1967,12.934042
Niger,NER,1968,13.073202
Niger,NER,1969,13.217089
Niger,NER,1970,13.374054
Niger,NER,1971,13.530835
Niger,NER,1972,13.658617
Niger,NER,1973,13.759338
Niger,NER,1974,13.793561
Niger,NER,1975,13.7595215
Niger,NER,1976,13.655586
Niger,NER,1977,13.499285
Niger,NER,1978,13.328728
Niger,NER,1979,13.178896
Niger,NER,1980,13.082019
Niger,NER,1981,13.063238
Niger,NER,1982,13.137756
Niger,NER,1983,13.277768
Niger,NER,1984,13.445125
Niger,NER,1985,13.597115
Niger,NER,1986,13.702301
Niger,NER,1987,13.730494
Niger,NER,1988,13.683337
Niger,NER,1989,13.5736065
Niger,NER,1990,13.403139
Niger,NER,1991,13.16481
Niger,NER,1992,12.864804
Niger,NER,1993,12.498613
Niger,NER,1994,12.074838
Niger,NER,1995,11.630805
Niger,NER,1996,11.190478
Niger,NER,1997,10.798253
Niger,NER,1998,10.442099
Niger,NER,1999,10.129097
Niger,NER,2000,9.8176775
Niger,NER,2001,9.475397
Niger,NER,2002,9.094201
Niger,NER,2003,8.696556
Niger,NER,2004,8.299824
Niger,NER,2005,7.919757
Niger,NER,2006,7.5799546
Niger,NER,2007,7.2893343
Niger,NER,2008,7.045057
Niger,NER,2009,6.848298
Niger,NER,2010,6.698987
Niger,NER,2011,6.5886183
Niger,NER,2012,6.503886
Niger,NER,2013,6.442327
Niger,NER,2014,6.39319
Niger,NER,2015,6.35051
Niger,NER,2016,6.3127313
Niger,NER,2017,6.2737494
Niger,NER,2018,6.233522
Niger,NER,2019,6.198615
Niger,NER,2020,6.1568065
Niger,NER,2021,6.0965533
Niger,NER,2022,6.0278215
Norway,NOR,1950,2.6762624
Norway,NOR,1951,2.5158746
Norway,NOR,1952,2.3717136
Norway,NOR,1953,2.253143
Norway,NOR,1954,2.1670365
Norway,NOR,1955,2.1039433
Norway,NOR,1956,2.049641
Norway,NOR,1957,1.9975055
Norway,NOR,1958,1.9450128
Norway,NOR,1959,1.892004
Norway,NOR,1960,1.840197
Norway,NOR,1961,1.7941082
Norway,NOR,1962,1.7523987
Norway,NOR,1963,1.7089323
Norway,NOR,1964,1.658005
Norway,NOR,1965,1.6006038
Norway,NOR,1966,1.5406654
Norway,NOR,1967,1.4817045
Norway,NOR,1968,1.4245589
Norway,NOR,1969,1.3696709
Norway,NOR,1970,1.3172516
Norway,NOR,1971,1.2652972
Norway,NOR,1972,1.2126894
Norway,NOR,1973,1.1589453
Norway,NOR,1974,1.1035745
Norway,NOR,1975,1.0470148
Norway,NOR,1976,0.98934525
Norway,NOR,1977,0.93312865
Norway,NOR,1978,0.8829616
Norway,NOR,1979,0.8435547
Norway,NOR,1980,0.8163724
Norway,NOR,1981,0.8024052
Norway,NOR,1982,0.801005
Norway,NOR,1983,0.8082525
Norway,NOR,1984,0.8185154
Norway,NOR,1985,0.8273748
Norway,NOR,1986,0.8290973
Norway,NOR,1987,0.8198476
Norway,NOR,1988,0.79538727
Norway,NOR,1989,0.7544573
Norway,NOR,1990,0.7013912
Norway,NOR,1991,0.64362454
Norway,NOR,1992,0.5869977
Norway,NOR,1993,0.53626835
Norway,NOR,1994,0.49497724
Norway,NOR,1995,0.46332583
Norway,NOR,1996,0.4405169
Norway,NOR,1997,0.42511138
Norway,NOR,1998,0.41395798
Norway,NOR,1999,0.40373197
Norway,NOR,2000,0.39336288
Norway,NOR,2001,0.38206604
Norway,NOR,2002,0.36923683
Norway,NOR,2003,0.35588485
Norway,NOR,2004,0.3422937
Norway,NOR,2005,0.3288409
Norway,NOR,2006,0.31562948
Norway,NOR,2007,0.30279335
Norway,NOR,2008,0.290012
Norway,NOR,2009,0.27732778
Norway,NOR,2010,0.2650767
Norway,NOR,2011,0.2540545
Norway,NOR,2012,0.24426246
Norway,NOR,2013,0.23559037
Norway,NOR,2014,0.22762609
Norway,NOR,2015,0.2203039
Norway,NOR,2016,0.21330082
Norway,NOR,2017,0.20634922
Norway,NOR,2018,0.19967584
Norway,NOR,2019,0.19325256
Norway,NOR,2020,0.18723612
Norway,NOR,2021,0.18153706
Norway,NOR,2022,0.17635658
Panama,PAN,1951,8.470862
Panama,PAN,1952,8.244346
Panama,PAN,1953,8.027978
Panama,PAN,1954,7.8183594
Panama,PAN,1955,7.6165476
Panama,PAN,1956,7.430072
Panama,PAN,1957,7.2483187
Panama,PAN,1958,7.073327
Panama,PAN,1959,6.9057527
Panama,PAN,1960,6.741165
Panama,PAN,1961,6.5708094
Panama,PAN,1962,6.4018393
Panama,PAN,1963,6.243802
Panama,PAN,1964,6.0883856
Panama,PAN,1965,5.9441814
Panama,PAN,1966,5.808194
Panama,PAN,1967,5.6687407
Panama,PAN,1968,5.5194592
Panama,PAN,1969,5.3513436
Panama,PAN,1970,5.152974
Panama,PAN,1971,4.9302425
Panama,PAN,1972,4.691461
Panama,PAN,1973,4.4604588
Panama,PAN,1974,4.24368
Panama,PAN,1975,4.0605173
Panama,PAN,1976,3.911641
Panama,PAN,1977,3.7882476
Panama,PAN,1978,3.6822617
Panama,PAN,1979,3.587508
Panama,PAN,1980,3.4909885
Panama,PAN,1981,3.3928707
Panama,PAN,1982,3.2885652
Panama,PAN,1983,3.17585
Panama,PAN,1984,3.0646672
Panama,PAN,1985,2.9561133
Panama,PAN,1986,2.857024
Panama,PAN,1987,2.7656794
Panama,PAN,1988,2.6794944
Panama,PAN,1989,2.6023686
Panama,PAN,1990,2.5357451
Panama,PAN,1991,2.477407
Panama,PAN,1992,2.4307086
Panama,PAN,1993,2.3959718
Panama,PAN,1994,2.3675601
Panama,PAN,1995,2.3434157
Panama,PAN,1996,2.318501
Panama,PAN,1997,2.2902138
Panama,PAN,1998,2.2558718
Panama,PAN,1999,2.2134843
Panama,PAN,2000,2.160358
Panama,PAN,2001,2.0990891
Panama,PAN,2002,2.0324025
Panama,PAN,2003,1.9677031
Panama,PAN,2004,1.9050525
Panama,PAN,2005,1.8423297
Panama,PAN,2006,1.7821419
Panama,PAN,2007,1.7241598
Panama,PAN,2008,1.672224
Panama,PAN,2009,1.6245733
Panama,PAN,2010,1.5831548
Panama,PAN,2011,1.5476922
Panama,PAN,2012,1.5197463
Panama,PAN,2013,1.4993573
Panama,PAN,2014,1.4852165
Panama,PAN,2015,1.4773914
Panama,PAN,2016,1.4707568
Panama,PAN,2017,1.453864
Panama,PAN,2018,1.4168507
Panama,PAN,2019,1.3604835
Panama,PAN,2020,1.2909917
Panama,PAN,2021,1.2150638
Panama,PAN,2022,1.1415781
South Korea,KOR,1951,20.742352
South Korea,KOR,1952,17.557049
South Korea,KOR,1953,15.031717
South Korea,KOR,1954,13.121961
South Korea,KOR,1955,11.633406
South Korea,KOR,1956,10.502019
South Korea,KOR,1957,9.6150675
South Korea,KOR,1958,8.937222
South Korea,KOR,1959,8.402633
South Korea,KOR,1960,7.9826064
South Korea,KOR,1961,7.63361
South Korea,KOR,1962,7.3239493
South Korea,KOR,1963,7.0161157
South Korea,KOR,1964,6.7101846
South Korea,KOR,1965,6.387503
South Korea,KOR,1966,6.050599
South Korea,KOR,1967,5.707473
South Korea,KOR,1968,5.366586
South Korea,KOR,1969,5.0335264
South Korea,KOR,1970,4.723369
South Korea,KOR,1971,4.4432197
South Korea,KOR,1972,4.1989107
South Korea,KOR,1973,3.99299
South Korea,KOR,1974,3.8197358
South Korea,KOR,1975,3.6727872
South Korea,KOR,1976,3.5396314
South Korea,KOR,1977,3.409101
South Korea,KOR,1978,3.2754192
South Korea,KOR,1979,3.130651
South Korea,KOR,1980,2.9731011
South Korea,KOR,1981,2.8052194
South Korea,KOR,1982,2.625442
South Korea,KOR,1983,2.4440322
South Korea,KOR,1984,2.2628608
South Korea,KOR,1985,2.0842087
South Korea,KOR,1986,1.9117873
South Korea,KOR,1987,1.7463633
South Korea,KOR,1988,1.5982704
South Korea,KOR,1989,1.4661429
South Korea,KOR,1990,1.3467172
South Korea,KOR,1991,1.239526
South Korea,KOR,1992,1.1432335
South Korea,KOR,1993,1.055342
South Korea,KOR,1994,0.9747447
South Korea,KOR,1995,0.9013859
South Korea,KOR,1996,0.8354966
South Korea,KOR,1997,0.7780508
South Korea,KOR,1998,0.727494
South Korea,KOR,1999,0.68325174
South Korea,KOR,2000,0.6452608
South Korea,KOR,2001,0.6115863
South Korea,KOR,2002,0.5794121
South Korea,KOR,2003,0.5459573
South Korea,KOR,2004,0.5112727
South Korea,KOR,2005,0.47612104
South Korea,KOR,2006,0.44248596
South Korea,KOR,2007,0.41248593
South Korea,KOR,2008,0.3878511
South Korea,KOR,2009,0.368316
South Korea,KOR,2010,0.35258836
South Korea,KOR,2011,0.3397621
South Korea,KOR,2012,0.32879823
South Korea,KOR,2013,0.3186503
South Korea,KOR,2014,0.30923802
South Korea,KOR,2015,0.3005885
South Korea,KOR,2016,0.29255074
South Korea,KOR,2017,0.2845208
South Korea,KOR,2018,0.2760339
South Korea,KOR,2019,0.26680034
South Korea,KOR,2020,0.25702497
South Korea,KOR,2021,0.24692702
South Korea,KOR,2022,0.23698935
United States,USA,1949,3.3295474
United States,USA,1950,3.242519
United States,USA,1951,3.1554651
United States,USA,1952,3.071506
United States,USA,1953,2.990295
United States,USA,1954,2.9143271
United States,USA,1955,2.8465052
United States,USA,1956,2.787042
United States,USA,1957,2.733793
United States,USA,1958,2.6843739
United States,USA,1959,2.6370187
United States,USA,1960,2.588406
United States,USA,1961,2.5392346
United States,USA,1962,2.4887805
United States,USA,1963,2.4366488
United States,USA,1964,2.382448
United States,USA,1965,2.3259373
United States,USA,1966,2.2652695
United States,USA,1967,2.2006624
United States,USA,1968,2.1323707
United States,USA,1969,2.0608602
United States,USA,1970,1.9861469
United States,USA,1971,1.9085722
United States,USA,1972,1.829623
United States,USA,1973,1.7497936
United States,USA,1974,1.6707388
United States,USA,1975,1.5930805
United States,USA,1976,1.5178869
United States,USA,1977,1.4462974
United States,USA,1978,1.3795092
United States,USA,1979,1.3177735
United States,USA,1980,1.2615507
United States,USA,1981,1.2105781
United States,USA,1982,1.1655807
United States,USA,1983,1.1267118
United States,USA,1984,1.0934404
United States,USA,1985,1.064895
United States,USA,1986,1.0399926
United States,USA,1987,1.0164001
United States,USA,1988,0.9926485
United States,USA,1989,0.967253
United States,USA,1990,0.9396675
United States,USA,1991,0.9098077
United States,USA,1992,0.87900174
United States,USA,1993,0.8485362
United States,USA,1994,0.8197298
United States,USA,1995,0.7938148
United States,USA,1996,0.77101624
United States,USA,1997,0.7519387
United States,USA,1998,0.7359522
United States,USA,1999,0.7228039
United States,USA,2000,0.7118926
United States,USA,2001,0.70265573
United States,USA,2002,0.69471204
United States,USA,2003,0.6878715
United States,USA,2004,0.68134654
United States,USA,2005,0.6743542
United States,USA,2006,0.6664672
United States,USA,2007,0.65723336
United States,USA,2008,0.64681643
United States,USA,2009,0.6355854
United States,USA,2010,0.62417614
United States,USA,2011,0.61317694
United States,USA,2012,0.6031683
United States,USA,2013,0.5942838
United States,USA,2014,0.5862161
United States,USA,2015,0.5787351
United States,USA,2016,0.57161707
United States,USA,2017,0.5647744
United States,USA,2018,0.5582502
United States,USA,2019,0.55208313
United States,USA,2020,0.5465108
United States,USA,2021,0.54129946
United States,USA,2022,0.5352755
Venezuela,VEN,1951,8.336978
Venezuela,VEN,1952,8.001812
Venezuela,VEN,1953,7.679448
Venezuela,VEN,1954,7.3853645
Venezuela,VEN,1955,7.099826
Venezuela,VEN,1956,6.821222
Venezuela,VEN,1957,6.568975
Venezuela,VEN,1958,6.330702
Venezuela,VEN,1959,6.1196094
Venezuela,VEN,1960,5.9318113
Venezuela,VEN,1961,5.761848
Venezuela,VEN,1962,5.614576
Venezuela,VEN,1963,5.495311
Venezuela,VEN,1964,5.3898497
Venezuela,VEN,1965,5.29563
Venezuela,VEN,1966,5.210696
Venezuela,VEN,1967,5.128007
Venezuela,VEN,1968,5.0377264
Venezuela,VEN,1969,4.941201
Venezuela,VEN,1970,4.834943
Venezuela,VEN,1971,4.7157755
Venezuela,VEN,1972,4.590281
Venezuela,VEN,1973,4.4643245
Venezuela,VEN,1974,4.3398585
Venezuela,VEN,1975,4.2189484
Venezuela,VEN,1976,4.0930033
Venezuela,VEN,1977,3.9593613
Venezuela,VEN,1978,3.8235898
Venezuela,VEN,1979,3.6854591
Venezuela,VEN,1980,3.550909
Venezuela,VEN,1981,3.4202938
Venezuela,VEN,1982,3.2993178
Venezuela,VEN,1983,3.1867223
Venezuela,VEN,1984,3.0843105
Venezuela,VEN,1985,2.9851139
Venezuela,VEN,1986,2.8861456
Venezuela,VEN,1987,2.7816901
Venezuela,VEN,1988,2.6742299
Venezuela,VEN,1989,2.5682497
Venezuela,VEN,1990,2.4723194
Venezuela,VEN,1991,2.3932443
Venezuela,VEN,1992,2.3326752
Venezuela,VEN,1993,2.2885668
Venezuela,VEN,1994,2.253985
Venezuela,VEN,1995,2.213338
Venezuela,VEN,1996,2.1517668
Venezuela,VEN,1997,2.0721815
Venezuela,VEN,1998,1.9865596
Venezuela,VEN,1999,1.9053125
Venezuela,VEN,2000,1.8336023
Venezuela,VEN,2001,1.7792927
Venezuela,VEN,2002,1.7363278
Venezuela,VEN,2003,1.6916968
Venezuela,VEN,2004,1.639588
Venezuela,VEN,2005,1.5863159
Venezuela,VEN,2006,1.5371878
Venezuela,VEN,2007,1.4979069
Venezuela,VEN,2008,1.4734732
Venezuela,VEN,2009,1.4650028
Venezuela,VEN,2010,1.4686793
Venezuela,VEN,2011,1.4800848
Venezuela,VEN,2012,1.4983548
Venezuela,VEN,2013,1.5250342
Venezuela,VEN,2014,1.5579184
Venezuela,VEN,2015,1.655604
Venezuela,VEN,2016,2.11826
Venezuela,VEN,2017,2.1180835
Venezuela,VEN,2018,2.1181026
Venezuela,VEN,2019,2.1181026
Venezuela,VEN,2020,2.1181026
Venezuela,VEN,2021,2.1181026
Venezuela,VEN,2022,2.1181026
World,OWID_WRL,1990,6.3701353
World,OWID_WRL,1991,6.354481
World,OWID_WRL,1992,6.2823253
World,OWID_WRL,1993,6.200623
World,OWID_WRL,1994,6.1271057
World,OWID_WRL,1995,6.014974
World,OWID_WRL,1996,5.89688
World,OWID_WRL,1997,5.769141
World,OWID_WRL,1998,5.6302176
World,OWID_WRL,1999,5.483042
World,OWID_WRL,2000,5.3048453
World,OWID_WRL,2001,5.1595597
World,OWID_WRL,2002,4.9948044
World,OWID_WRL,2003,4.814475
World,OWID_WRL,2004,4.6462812
World,OWID_WRL,2005,4.4697256
World,OWID_WRL,2006,4.3012285
World,OWID_WRL,2007,4.139979
World,OWID_WRL,2008,3.9916558
World,OWID_WRL,2009,3.8501678
World,OWID_WRL,2010,3.7325902
World,OWID_WRL,2011,3.6123974
World,OWID_WRL,2012,3.4735367
World,OWID_WRL,2013,3.3829803
World,OWID_WRL,2014,3.2687027
World,OWID_WRL,2015,3.1970174
World,OWID_WRL,2016,3.1038432
World,OWID_WRL,2017,3.022492
World,OWID_WRL,2018,2.9967136
World,OWID_WRL,2019,2.941806
World,OWID_WRL,2020,2.9111753
World,OWID_WRL,2021,2.863489
World,OWID_WRL,2022,2.7943473
